ID	pLDDT_mean	pTM	ipTM	ranking_score	model_cif
WWF00013	0.85	0.86	0.86	0.903	structures/output/WWF00013/WWF00013_model.cif
WWF00017	0.72	0.56	0.56	0.634	structures/output/WWF00017/WWF00017_model.cif
WWF00021	0.82	0.83	0.83	0.911	structures/output/WWF00021/WWF00021_model.cif
WWF00025	0.79	0.8	0.8	0.885	structures/output/WWF00025/WWF00025_model.cif
WWF00030	0.8	0.81	0.81	0.888	structures/output/WWF00030/WWF00030_model.cif
WWF00032	0.82	0.84	0.84	0.89	structures/output/WWF00032/WWF00032_model.cif
WWF00035	0.72	0.47	0.47	0.645	structures/output/WWF00035/WWF00035_model.cif
WWF00038	0.83	0.73	0.73	0.783	structures/output/WWF00038/WWF00038_model.cif
WWF00039	0.76	0.68	0.68	0.761	structures/output/WWF00039/WWF00039_model.cif
WWF00042	0.76	0.78	0.78	0.84	structures/output/WWF00042/WWF00042_model.cif
WWF00047	0.73	0.75	0.75	0.843	structures/output/WWF00047/WWF00047_model.cif
WWF00048	0.74	0.73	0.73	0.822	structures/output/WWF00048/WWF00048_model.cif
WWF00051	0.87	0.86	0.86	0.909	structures/output/WWF00051/WWF00051_model.cif
WWF00055	0.8	0.79	0.79	0.877	structures/output/WWF00055/WWF00055_model.cif
WWF00061	0.91	0.92	0.92	0.929	structures/output/WWF00061/WWF00061_model.cif
WWF00062	0.63	0.46	0.46	0.581	structures/output/WWF00062/WWF00062_model.cif
WWF00065	0.88	0.86	0.86	0.919	structures/output/WWF00065/WWF00065_model.cif
WWF00073	0.85	0.9	0.9	0.902	structures/output/WWF00073/WWF00073_model.cif
WWF00079	0.78	0.79	0.79	0.88	structures/output/WWF00079/WWF00079_model.cif
WWF00081	0.8	0.79	0.79	0.854	structures/output/WWF00081/WWF00081_model.cif
WWF00084	0.92	0.94	0.94	0.955	structures/output/WWF00084/WWF00084_model.cif
WWF00089	0.82	0.66	0.66	0.79	structures/output/WWF00089/WWF00089_model.cif
WWF00093	0.83	0.83	0.83	0.891	structures/output/WWF00093/WWF00093_model.cif
WWF00096	0.85	0.83	0.83	0.903	structures/output/WWF00096/WWF00096_model.cif
WWF00100	0.86	0.82	0.82	0.865	structures/output/WWF00100/WWF00100_model.cif
WWF00105	0.82	0.85	0.85	0.901	structures/output/WWF00105/WWF00105_model.cif
WWF00106	0.91	0.86	0.86	0.874	structures/output/WWF00106/WWF00106_model.cif
WWF00107	0.87	0.85	0.85	0.887	structures/output/WWF00107/WWF00107_model.cif
WWF00108	0.83	0.82	0.82	0.894	structures/output/WWF00108/WWF00108_model.cif
WWF00109	0.88	0.89	0.89	0.928	structures/output/WWF00109/WWF00109_model.cif
WWF00111	0.6	0.43	0.43	0.658	structures/output/WWF00111/WWF00111_model.cif
WWF00115	0.92	0.87	0.87	0.888	structures/output/WWF00115/WWF00115_model.cif
WWF00118	0.74	0.67	0.67	0.711	structures/output/WWF00118/WWF00118_model.cif
WWF00129	0.87	0.85	0.85	0.898	structures/output/WWF00129/WWF00129_model.cif
WWF00131	0.86	0.82	0.82	0.915	structures/output/WWF00131/WWF00131_model.cif
WWF00134	0.89	0.9	0.9	0.897	structures/output/WWF00134/WWF00134_model.cif
WWF00137	0.87	0.84	0.84	0.908	structures/output/WWF00137/WWF00137_model.cif
WWF00140	0.89	0.88	0.88	0.926	structures/output/WWF00140/WWF00140_model.cif
WWF00148	0.81	0.8	0.8	0.876	structures/output/WWF00148/WWF00148_model.cif
WWF00150	0.92	0.94	0.94	0.951	structures/output/WWF00150/WWF00150_model.cif
WWF00172	0.84	0.83	0.83	0.902	structures/output/WWF00172/WWF00172_model.cif
WWF00192	0.81	0.78	0.78	0.847	structures/output/WWF00192/WWF00192_model.cif
WWF00194	0.87	0.86	0.86	0.89	structures/output/WWF00194/WWF00194_model.cif
WWF00255	0.77	0.79	0.79	0.874	structures/output/WWF00255/WWF00255_model.cif
WWF00256	0.81	0.82	0.82	0.878	structures/output/WWF00256/WWF00256_model.cif
WWF00257	0.9	0.88	0.88	0.928	structures/output/WWF00257/WWF00257_model.cif
WWF00261	0.86	0.83	0.83	0.907	structures/output/WWF00261/WWF00261_model.cif
WWF00262	0.84	0.86	0.86	0.884	structures/output/WWF00262/WWF00262_model.cif
WWF00267	0.85	0.86	0.86	0.872	structures/output/WWF00267/WWF00267_model.cif
WWF00268	0.79	0.73	0.73	0.774	structures/output/WWF00268/WWF00268_model.cif
WWF00271	0.88	0.88	0.88	0.92	structures/output/WWF00271/WWF00271_model.cif
WWF00272	0.8	0.71	0.71	0.75	structures/output/WWF00272/WWF00272_model.cif
WWF00273	0.82	0.82	0.82	0.875	structures/output/WWF00273/WWF00273_model.cif
WWF00276	0.92	0.89	0.89	0.958	structures/output/WWF00276/WWF00276_model.cif
WWF00280	0.85	0.89	0.89	0.931	structures/output/WWF00280/WWF00280_model.cif
WWF00289	0.84	0.79	0.79	0.867	structures/output/WWF00289/WWF00289_model.cif
WWF00290	0.85	0.81	0.81	0.873	structures/output/WWF00290/WWF00290_model.cif
WWF00291	0.79	0.77	0.77	0.885	structures/output/WWF00291/WWF00291_model.cif
WWF00293	0.85	0.83	0.83	0.901	structures/output/WWF00293/WWF00293_model.cif
WWF00296	0.81	0.87	0.87	0.888	structures/output/WWF00296/WWF00296_model.cif
WWF00298	0.88	0.88	0.88	0.919	structures/output/WWF00298/WWF00298_model.cif
WWF00299	0.86	0.85	0.85	0.914	structures/output/WWF00299/WWF00299_model.cif
WWF00301	0.87	0.89	0.89	0.921	structures/output/WWF00301/WWF00301_model.cif
WWF00302	0.84	0.82	0.82	0.891	structures/output/WWF00302/WWF00302_model.cif
WWF00303	0.8	0.83	0.83	0.901	structures/output/WWF00303/WWF00303_model.cif
WWF00308	0.91	0.88	0.88	0.912	structures/output/WWF00308/WWF00308_model.cif
WWF00310	0.87	0.82	0.82	0.896	structures/output/WWF00310/WWF00310_model.cif
WWF00319	0.78	0.85	0.85	0.878	structures/output/WWF00319/WWF00319_model.cif
WWF00329	0.9	0.89	0.89	0.922	structures/output/WWF00329/WWF00329_model.cif
WWF00335	0.8	0.76	0.76	0.868	structures/output/WWF00335/WWF00335_model.cif
WWF00338	0.72	0.63	0.63	0.837	structures/output/WWF00338/WWF00338_model.cif
WWF00350	0.86	0.85	0.85	0.872	structures/output/WWF00350/WWF00350_model.cif
WWF00352	0.77	0.77	0.77	0.865	structures/output/WWF00352/WWF00352_model.cif
WWF00353	0.86	0.86	0.86	0.927	structures/output/WWF00353/WWF00353_model.cif
WWF00356	0.83	0.65	0.65	0.737	structures/output/WWF00356/WWF00356_model.cif
WWF00357	0.9	0.67	0.67	0.688	structures/output/WWF00357/WWF00357_model.cif
WWF00370	0.88	0.89	0.89	0.928	structures/output/WWF00370/WWF00370_model.cif
WWF00381	0.8	0.8	0.8	0.865	structures/output/WWF00381/WWF00381_model.cif
WWF00388	0.74	0.74	0.74	0.794	structures/output/WWF00388/WWF00388_model.cif
WWF00390	0.73	0.74	0.74	0.843	structures/output/WWF00390/WWF00390_model.cif
WWF00393	0.88	0.87	0.87	0.901	structures/output/WWF00393/WWF00393_model.cif
WWF00399	0.79	0.78	0.78	0.894	structures/output/WWF00399/WWF00399_model.cif
WWF00401	0.88	0.89	0.89	0.907	structures/output/WWF00401/WWF00401_model.cif
WWF00405	0.85	0.87	0.87	0.921	structures/output/WWF00405/WWF00405_model.cif
WWF00408	0.78	0.8	0.8	0.898	structures/output/WWF00408/WWF00408_model.cif
WWF00410	0.84	0.83	0.83	0.84	structures/output/WWF00410/WWF00410_model.cif
WWF00420	0.83	0.82	0.82	0.892	structures/output/WWF00420/WWF00420_model.cif
WWF00424	0.82	0.69	0.69	0.747	structures/output/WWF00424/WWF00424_model.cif
WWF00429	0.85	0.86	0.86	0.892	structures/output/WWF00429/WWF00429_model.cif
WWF00430	0.76	0.7	0.7	0.74	structures/output/WWF00430/WWF00430_model.cif
WWF00438	0.89	0.9	0.9	0.924	structures/output/WWF00438/WWF00438_model.cif
WWF00451	0.68	0.7	0.7	0.791	structures/output/WWF00451/WWF00451_model.cif
WWF00455	0.76	0.51	0.51	0.825	structures/output/WWF00455/WWF00455_model.cif
WWF00462	0.8	0.67	0.67	0.874	structures/output/WWF00462/WWF00462_model.cif
WWF00465	0.74	0.38	0.38	0.858	structures/output/WWF00465/WWF00465_model.cif
WWF00466	0.85	0.76	0.76	0.837	structures/output/WWF00466/WWF00466_model.cif
WWF00476	0.8	0.79	0.79	0.806	structures/output/WWF00476/WWF00476_model.cif
WWF00479	0.83	0.83	0.83	0.856	structures/output/WWF00479/WWF00479_model.cif
WWF00486	0.8	0.86	0.86	0.908	structures/output/WWF00486/WWF00486_model.cif
WWF00491	0.87	0.89	0.89	0.92	structures/output/WWF00491/WWF00491_model.cif
WWF00495	0.85	0.71	0.71	0.737	structures/output/WWF00495/WWF00495_model.cif
WWF00498	0.88	0.87	0.87	0.919	structures/output/WWF00498/WWF00498_model.cif
WWF00503	0.69	0.46	0.46	0.71	structures/output/WWF00503/WWF00503_model.cif
WWF00506	0.79	0.78	0.78	0.874	structures/output/WWF00506/WWF00506_model.cif
WWF00508	0.84	0.84	0.84	0.915	structures/output/WWF00508/WWF00508_model.cif
WWF00518	0.86	0.81	0.81	0.888	structures/output/WWF00518/WWF00518_model.cif
WWF00521	0.9	0.9	0.9	0.954	structures/output/WWF00521/WWF00521_model.cif
WWF00522	0.88	0.88	0.88	0.934	structures/output/WWF00522/WWF00522_model.cif
WWF00523	0.67	0.69	0.69	0.768	structures/output/WWF00523/WWF00523_model.cif
WWF00524	0.83	0.81	0.81	0.806	structures/output/WWF00524/WWF00524_model.cif
WWF00530	0.91	0.91	0.91	0.934	structures/output/WWF00530/WWF00530_model.cif
WWF00534	0.8	0.83	0.83	0.873	structures/output/WWF00534/WWF00534_model.cif
WWF00538	0.86	0.87	0.87	0.909	structures/output/WWF00538/WWF00538_model.cif
WWF00541	0.85	0.85	0.85	0.91	structures/output/WWF00541/WWF00541_model.cif
WWF00547	0.84	0.82	0.82	0.9	structures/output/WWF00547/WWF00547_model.cif
WWF00557	0.76	0.54	0.54	0.602	structures/output/WWF00557/WWF00557_model.cif
WWF00561	0.85	0.81	0.81	0.89	structures/output/WWF00561/WWF00561_model.cif
WWF00564	0.77	0.64	0.64	0.716	structures/output/WWF00564/WWF00564_model.cif
WWF00567	0.75	0.65	0.65	0.745	structures/output/WWF00567/WWF00567_model.cif
WWF00574	0.85	0.84	0.84	0.905	structures/output/WWF00574/WWF00574_model.cif
WWF00576	0.89	0.86	0.86	0.9	structures/output/WWF00576/WWF00576_model.cif
WWF00594	0.84	0.79	0.79	0.85	structures/output/WWF00594/WWF00594_model.cif
WWF00595	0.69	0.67	0.67	0.769	structures/output/WWF00595/WWF00595_model.cif
WWF00596	0.87	0.8	0.8	0.854	structures/output/WWF00596/WWF00596_model.cif
WWF00598	0.83	0.79	0.79	0.864	structures/output/WWF00598/WWF00598_model.cif
WWF00600	0.83	0.84	0.84	0.909	structures/output/WWF00600/WWF00600_model.cif
WWF00606	0.87	0.88	0.88	0.926	structures/output/WWF00606/WWF00606_model.cif
WWF00613	0.84	0.81	0.81	0.871	structures/output/WWF00613/WWF00613_model.cif
WWF00623	0.82	0.75	0.75	0.797	structures/output/WWF00623/WWF00623_model.cif
WWF00625	0.79	0.63	0.63	0.685	structures/output/WWF00625/WWF00625_model.cif
WWF00628	0.83	0.81	0.81	0.889	structures/output/WWF00628/WWF00628_model.cif
WWF00631	0.78	0.74	0.74	0.846	structures/output/WWF00631/WWF00631_model.cif
WWF00632	0.86	0.88	0.88	0.925	structures/output/WWF00632/WWF00632_model.cif
WWF00638	0.76	0.57	0.57	0.656	structures/output/WWF00638/WWF00638_model.cif
WWF00645	0.92	0.91	0.91	0.929	structures/output/WWF00645/WWF00645_model.cif
WWF00652	0.84	0.84	0.84	0.889	structures/output/WWF00652/WWF00652_model.cif
WWF00672	0.86	0.9	0.9	0.917	structures/output/WWF00672/WWF00672_model.cif
WWF00682	0.87	0.85	0.85	0.884	structures/output/WWF00682/WWF00682_model.cif
WWF00683	0.95	0.94	0.94	0.941	structures/output/WWF00683/WWF00683_model.cif
WWF00684	0.78	0.75	0.75	0.847	structures/output/WWF00684/WWF00684_model.cif
WWF00685	0.84	0.87	0.87	0.919	structures/output/WWF00685/WWF00685_model.cif
WWF00688	0.86	0.75	0.75	0.773	structures/output/WWF00688/WWF00688_model.cif
WWF00693	0.83	0.82	0.82	0.874	structures/output/WWF00693/WWF00693_model.cif
WWF00713	0.82	0.8	0.8	0.831	structures/output/WWF00713/WWF00713_model.cif
WWF00741	0.87	0.88	0.88	0.92	structures/output/WWF00741/WWF00741_model.cif
WWF00746	0.84	0.84	0.84	0.885	structures/output/WWF00746/WWF00746_model.cif
WWF00747	0.79	0.77	0.77	0.805	structures/output/WWF00747/WWF00747_model.cif
WWF00766	0.91	0.92	0.92	0.917	structures/output/WWF00766/WWF00766_model.cif
WWF00768	0.79	0.71	0.71	0.783	structures/output/WWF00768/WWF00768_model.cif
WWF00776	0.88	0.92	0.92	0.931	structures/output/WWF00776/WWF00776_model.cif
WWF00777	0.92	0.89	0.89	0.892	structures/output/WWF00777/WWF00777_model.cif
WWF00783	0.88	0.82	0.82	0.862	structures/output/WWF00783/WWF00783_model.cif
WWF00789	0.77	0.79	0.79	0.848	structures/output/WWF00789/WWF00789_model.cif
WWF00791	0.82	0.84	0.84	0.885	structures/output/WWF00791/WWF00791_model.cif
WWF00797	0.83	0.81	0.81	0.805	structures/output/WWF00797/WWF00797_model.cif
WWF00798	0.84	0.88	0.88	0.927	structures/output/WWF00798/WWF00798_model.cif
WWF00802	0.85	0.86	0.86	0.893	structures/output/WWF00802/WWF00802_model.cif
WWF00808	0.92	0.93	0.93	0.942	structures/output/WWF00808/WWF00808_model.cif
WWF00822	0.84	0.84	0.84	0.916	structures/output/WWF00822/WWF00822_model.cif
WWF00828	0.79	0.78	0.78	0.868	structures/output/WWF00828/WWF00828_model.cif
WWF00832	0.74	0.5	0.5	0.623	structures/output/WWF00832/WWF00832_model.cif
WWF00837	0.85	0.88	0.88	0.914	structures/output/WWF00837/WWF00837_model.cif
WWF00838	0.84	0.78	0.78	0.864	structures/output/WWF00838/WWF00838_model.cif
WWF00840	0.77	0.8	0.8	0.85	structures/output/WWF00840/WWF00840_model.cif
WWF00848	0.79	0.8	0.8	0.861	structures/output/WWF00848/WWF00848_model.cif
WWF00853	0.84	0.85	0.85	0.915	structures/output/WWF00853/WWF00853_model.cif
WWF00860	0.86	0.86	0.86	0.91	structures/output/WWF00860/WWF00860_model.cif
WWF00863	0.8	0.81	0.81	0.872	structures/output/WWF00863/WWF00863_model.cif
WWF00868	0.72	0.64	0.64	0.696	structures/output/WWF00868/WWF00868_model.cif
WWF00869	0.83	0.85	0.85	0.897	structures/output/WWF00869/WWF00869_model.cif
WWF00872	0.83	0.72	0.72	0.817	structures/output/WWF00872/WWF00872_model.cif
WWF00888	0.74	0.75	0.75	0.817	structures/output/WWF00888/WWF00888_model.cif
WWF00894	0.94	0.91	0.91	0.912	structures/output/WWF00894/WWF00894_model.cif
WWF00895	0.95	0.92	0.92	0.924	structures/output/WWF00895/WWF00895_model.cif
WWF00897	0.92	0.89	0.89	0.936	structures/output/WWF00897/WWF00897_model.cif
WWF00898	0.88	0.84	0.84	0.905	structures/output/WWF00898/WWF00898_model.cif
WWF00902	0.88	0.9	0.9	0.925	structures/output/WWF00902/WWF00902_model.cif
WWF00910	0.81	0.78	0.78	0.834	structures/output/WWF00910/WWF00910_model.cif
WWF00912	0.87	0.85	0.85	0.901	structures/output/WWF00912/WWF00912_model.cif
WWF00913	0.8	0.75	0.75	0.813	structures/output/WWF00913/WWF00913_model.cif
WWF00919	0.8	0.75	0.75	0.794	structures/output/WWF00919/WWF00919_model.cif
WWF00931	0.83	0.81	0.81	0.902	structures/output/WWF00931/WWF00931_model.cif
WWF00932	0.85	0.77	0.77	0.85	structures/output/WWF00932/WWF00932_model.cif
WWF00941	0.92	0.93	0.93	0.957	structures/output/WWF00941/WWF00941_model.cif
WWF00942	0.85	0.84	0.84	0.919	structures/output/WWF00942/WWF00942_model.cif
WWF00944	0.72	0.64	0.64	0.837	structures/output/WWF00944/WWF00944_model.cif
WWF00945	0.84	0.82	0.82	0.892	structures/output/WWF00945/WWF00945_model.cif
WWF00948	0.89	0.86	0.86	0.919	structures/output/WWF00948/WWF00948_model.cif
WWF00964	0.81	0.72	0.72	0.792	structures/output/WWF00964/WWF00964_model.cif
WWF00969	0.84	0.86	0.86	0.908	structures/output/WWF00969/WWF00969_model.cif
WWF00973	0.8	0.8	0.8	0.882	structures/output/WWF00973/WWF00973_model.cif
WWF00977	0.8	0.8	0.8	0.88	structures/output/WWF00977/WWF00977_model.cif
WWF00981	0.9	0.91	0.91	0.935	structures/output/WWF00981/WWF00981_model.cif
WWF00986	0.78	0.49	0.49	0.537	structures/output/WWF00986/WWF00986_model.cif
WWF00988	0.77	0.77	0.77	0.833	structures/output/WWF00988/WWF00988_model.cif
WWF00991	0.83	0.81	0.81	0.891	structures/output/WWF00991/WWF00991_model.cif
WWF00997	0.8	0.81	0.81	0.88	structures/output/WWF00997/WWF00997_model.cif
WWF00998	0.73	0.74	0.74	0.854	structures/output/WWF00998/WWF00998_model.cif
WWF01001	0.77	0.8	0.8	0.856	structures/output/WWF01001/WWF01001_model.cif
WWF01010	0.9	0.88	0.88	0.934	structures/output/WWF01010/WWF01010_model.cif
WWF01012	0.85	0.86	0.86	0.878	structures/output/WWF01012/WWF01012_model.cif
WWF01013	0.8	0.62	0.62	0.668	structures/output/WWF01013/WWF01013_model.cif
WWF01014	0.89	0.91	0.91	0.921	structures/output/WWF01014/WWF01014_model.cif
WWF01015	0.91	0.93	0.93	0.944	structures/output/WWF01015/WWF01015_model.cif
WWF01016	0.89	0.89	0.89	0.93	structures/output/WWF01016/WWF01016_model.cif
WWF01017	0.79	0.78	0.78	0.838	structures/output/WWF01017/WWF01017_model.cif
WWF01018	0.81	0.83	0.83	0.883	structures/output/WWF01018/WWF01018_model.cif
WWF01020	0.92	0.91	0.91	0.935	structures/output/WWF01020/WWF01020_model.cif
WWF01021	0.85	0.82	0.82	0.905	structures/output/WWF01021/WWF01021_model.cif
WWF01024	0.88	0.91	0.91	0.914	structures/output/WWF01024/WWF01024_model.cif
WWF01040	0.84	0.83	0.83	0.896	structures/output/WWF01040/WWF01040_model.cif
WWF01041	0.89	0.88	0.88	0.934	structures/output/WWF01041/WWF01041_model.cif
WWF01043	0.85	0.6	0.6	0.805	structures/output/WWF01043/WWF01043_model.cif
WWF01046	0.81	0.81	0.81	0.887	structures/output/WWF01046/WWF01046_model.cif
WWF01047	0.84	0.84	0.84	0.903	structures/output/WWF01047/WWF01047_model.cif
WWF01048	0.86	0.86	0.86	0.913	structures/output/WWF01048/WWF01048_model.cif
WWF01051	0.83	0.78	0.78	0.9	structures/output/WWF01051/WWF01051_model.cif
WWF01052	0.84	0.82	0.82	0.884	structures/output/WWF01052/WWF01052_model.cif
WWF01060	0.8	0.78	0.78	0.878	structures/output/WWF01060/WWF01060_model.cif
WWF01061	0.81	0.81	0.81	0.91	structures/output/WWF01061/WWF01061_model.cif
WWF01069	0.8	0.8	0.8	0.861	structures/output/WWF01069/WWF01069_model.cif
WWF01071	0.76	0.51	0.51	0.58	structures/output/WWF01071/WWF01071_model.cif
WWF01078	0.78	0.65	0.65	0.724	structures/output/WWF01078/WWF01078_model.cif
WWF01081	0.93	0.9	0.9	0.936	structures/output/WWF01081/WWF01081_model.cif
WWF01087	0.88	0.88	0.88	0.876	structures/output/WWF01087/WWF01087_model.cif
WWF01092	0.74	0.62	0.62	0.677	structures/output/WWF01092/WWF01092_model.cif
WWF01096	0.8	0.63	0.63	0.75	structures/output/WWF01096/WWF01096_model.cif
WWF01103	0.85	0.87	0.87	0.914	structures/output/WWF01103/WWF01103_model.cif
WWF01111	0.85	0.83	0.83	0.876	structures/output/WWF01111/WWF01111_model.cif
WWF01118	0.72	0.76	0.76	0.849	structures/output/WWF01118/WWF01118_model.cif
WWF01126	0.81	0.72	0.72	0.79	structures/output/WWF01126/WWF01126_model.cif
WWF01127	0.78	0.69	0.69	0.808	structures/output/WWF01127/WWF01127_model.cif
WWF01129	0.85	0.72	0.72	0.726	structures/output/WWF01129/WWF01129_model.cif
WWF01135	0.81	0.81	0.81	0.883	structures/output/WWF01135/WWF01135_model.cif
WWF01136	0.79	0.71	0.71	0.774	structures/output/WWF01136/WWF01136_model.cif
WWF01138	0.85	0.84	0.84	0.913	structures/output/WWF01138/WWF01138_model.cif
WWF01141	0.86	0.84	0.84	0.917	structures/output/WWF01141/WWF01141_model.cif
WWF01142	0.78	0.76	0.76	0.858	structures/output/WWF01142/WWF01142_model.cif
WWF01144	0.81	0.8	0.8	0.873	structures/output/WWF01144/WWF01144_model.cif
WWF01145	0.73	0.64	0.64	0.814	structures/output/WWF01145/WWF01145_model.cif
WWF01153	0.81	0.66	0.66	0.688	structures/output/WWF01153/WWF01153_model.cif
WWF01156	0.89	0.88	0.88	0.94	structures/output/WWF01156/WWF01156_model.cif
WWF01165	0.73	0.51	0.51	0.722	structures/output/WWF01165/WWF01165_model.cif
WWF01167	0.8	0.62	0.62	0.817	structures/output/WWF01167/WWF01167_model.cif
WWF01168	0.59	0.38	0.38	0.584	structures/output/WWF01168/WWF01168_model.cif
WWF01171	0.83	0.81	0.81	0.88	structures/output/WWF01171/WWF01171_model.cif
WWF01173	0.86	0.87	0.87	0.916	structures/output/WWF01173/WWF01173_model.cif
WWF01180	0.81	0.77	0.77	0.815	structures/output/WWF01180/WWF01180_model.cif
WWF01181	0.78	0.79	0.79	0.868	structures/output/WWF01181/WWF01181_model.cif
WWF01185	0.78	0.65	0.65	0.854	structures/output/WWF01185/WWF01185_model.cif
WWF01187	0.85	0.71	0.71	0.724	structures/output/WWF01187/WWF01187_model.cif
WWF01193	0.85	0.77	0.77	0.86	structures/output/WWF01193/WWF01193_model.cif
WWF01202	0.7	0.74	0.74	0.828	structures/output/WWF01202/WWF01202_model.cif
WWF01206	0.82	0.79	0.79	0.839	structures/output/WWF01206/WWF01206_model.cif
WWF01209	0.7	0.7	0.7	0.776	structures/output/WWF01209/WWF01209_model.cif
WWF01223	0.85	0.81	0.81	0.859	structures/output/WWF01223/WWF01223_model.cif
WWF01226	0.84	0.86	0.86	0.908	structures/output/WWF01226/WWF01226_model.cif
WWF01227	0.87	0.85	0.85	0.882	structures/output/WWF01227/WWF01227_model.cif
WWF01229	0.89	0.81	0.81	0.811	structures/output/WWF01229/WWF01229_model.cif
WWF01233	0.94	0.92	0.92	0.924	structures/output/WWF01233/WWF01233_model.cif
WWF01234	0.74	0.55	0.55	0.635	structures/output/WWF01234/WWF01234_model.cif
WWF01241	0.85	0.85	0.85	0.921	structures/output/WWF01241/WWF01241_model.cif
WWF01242	0.8	0.52	0.52	0.57	structures/output/WWF01242/WWF01242_model.cif
WWF01246	0.81	0.71	0.71	0.784	structures/output/WWF01246/WWF01246_model.cif
WWF01254	0.85	0.84	0.84	0.892	structures/output/WWF01254/WWF01254_model.cif
WWF01255	0.82	0.81	0.81	0.88	structures/output/WWF01255/WWF01255_model.cif
WWF01257	0.83	0.81	0.81	0.89	structures/output/WWF01257/WWF01257_model.cif
WWF01260	0.9	0.89	0.89	0.943	structures/output/WWF01260/WWF01260_model.cif
WWF01261	0.9	0.87	0.87	0.933	structures/output/WWF01261/WWF01261_model.cif
WWF01266	0.87	0.89	0.89	0.918	structures/output/WWF01266/WWF01266_model.cif
WWF01270	0.77	0.77	0.77	0.854	structures/output/WWF01270/WWF01270_model.cif
WWF01273	0.84	0.85	0.85	0.906	structures/output/WWF01273/WWF01273_model.cif
WWF01275	0.84	0.81	0.81	0.88	structures/output/WWF01275/WWF01275_model.cif
WWF01279	0.78	0.69	0.69	0.703	structures/output/WWF01279/WWF01279_model.cif
WWF01282	0.83	0.81	0.81	0.908	structures/output/WWF01282/WWF01282_model.cif
WWF01283	0.9	0.91	0.91	0.951	structures/output/WWF01283/WWF01283_model.cif
WWF01284	0.86	0.84	0.84	0.899	structures/output/WWF01284/WWF01284_model.cif
WWF01286	0.85	0.82	0.82	0.87	structures/output/WWF01286/WWF01286_model.cif
WWF01288	0.89	0.85	0.85	0.914	structures/output/WWF01288/WWF01288_model.cif
WWF01289	0.89	0.88	0.88	0.922	structures/output/WWF01289/WWF01289_model.cif
WWF01292	0.79	0.81	0.81	0.865	structures/output/WWF01292/WWF01292_model.cif
WWF01303	0.82	0.77	0.77	0.889	structures/output/WWF01303/WWF01303_model.cif
WWF01305	0.87	0.72	0.72	0.827	structures/output/WWF01305/WWF01305_model.cif
WWF01308	0.92	0.91	0.91	0.936	structures/output/WWF01308/WWF01308_model.cif
WWF01309	0.8	0.76	0.76	0.816	structures/output/WWF01309/WWF01309_model.cif
WWF01310	0.85	0.83	0.83	0.867	structures/output/WWF01310/WWF01310_model.cif
WWF01314	0.87	0.73	0.73	0.757	structures/output/WWF01314/WWF01314_model.cif
WWF01327	0.92	0.88	0.88	0.93	structures/output/WWF01327/WWF01327_model.cif
WWF01328	0.8	0.8	0.8	0.847	structures/output/WWF01328/WWF01328_model.cif
WWF01330	0.84	0.76	0.76	0.758	structures/output/WWF01330/WWF01330_model.cif
WWF01331	0.87	0.83	0.83	0.876	structures/output/WWF01331/WWF01331_model.cif
WWF01333	0.87	0.85	0.85	0.909	structures/output/WWF01333/WWF01333_model.cif
WWF01335	0.9	0.69	0.69	0.695	structures/output/WWF01335/WWF01335_model.cif
WWF01337	0.87	0.84	0.84	0.901	structures/output/WWF01337/WWF01337_model.cif
WWF01341	0.75	0.76	0.76	0.825	structures/output/WWF01341/WWF01341_model.cif
WWF01345	0.68	0.63	0.63	0.672	structures/output/WWF01345/WWF01345_model.cif
WWF01349	0.86	0.9	0.9	0.931	structures/output/WWF01349/WWF01349_model.cif
WWF01354	0.83	0.83	0.83	0.891	structures/output/WWF01354/WWF01354_model.cif
WWF01358	0.81	0.81	0.81	0.896	structures/output/WWF01358/WWF01358_model.cif
WWF01361	0.92	0.89	0.89	0.922	structures/output/WWF01361/WWF01361_model.cif
WWF01365	0.82	0.79	0.79	0.873	structures/output/WWF01365/WWF01365_model.cif
WWF01366	0.85	0.85	0.85	0.919	structures/output/WWF01366/WWF01366_model.cif
WWF01368	0.9	0.88	0.88	0.903	structures/output/WWF01368/WWF01368_model.cif
WWF01372	0.83	0.79	0.79	0.807	structures/output/WWF01372/WWF01372_model.cif
WWF01384	0.82	0.82	0.82	0.918	structures/output/WWF01384/WWF01384_model.cif
WWF01386	0.84	0.83	0.83	0.88	structures/output/WWF01386/WWF01386_model.cif
WWF01390	0.86	0.86	0.86	0.929	structures/output/WWF01390/WWF01390_model.cif
WWF01392	0.81	0.72	0.72	0.744	structures/output/WWF01392/WWF01392_model.cif
WWF01395	0.85	0.75	0.75	0.865	structures/output/WWF01395/WWF01395_model.cif
WWF01397	0.73	0.62	0.62	0.681	structures/output/WWF01397/WWF01397_model.cif
WWF01398	0.85	0.84	0.84	0.9	structures/output/WWF01398/WWF01398_model.cif
WWF01399	0.84	0.71	0.71	0.753	structures/output/WWF01399/WWF01399_model.cif
WWF01400	0.88	0.75	0.75	0.807	structures/output/WWF01400/WWF01400_model.cif
WWF01403	0.9	0.9	0.9	0.961	structures/output/WWF01403/WWF01403_model.cif
WWF01406	0.87	0.89	0.89	0.913	structures/output/WWF01406/WWF01406_model.cif
WWF01412	0.92	0.93	0.93	0.944	structures/output/WWF01412/WWF01412_model.cif
WWF01416	0.9	0.9	0.9	0.903	structures/output/WWF01416/WWF01416_model.cif
WWF01417	0.79	0.82	0.82	0.884	structures/output/WWF01417/WWF01417_model.cif
WWF01420	0.81	0.8	0.8	0.883	structures/output/WWF01420/WWF01420_model.cif
WWF01422	0.84	0.76	0.76	0.818	structures/output/WWF01422/WWF01422_model.cif
WWF01427	0.85	0.8	0.8	0.883	structures/output/WWF01427/WWF01427_model.cif
WWF01428	0.79	0.8	0.8	0.888	structures/output/WWF01428/WWF01428_model.cif
WWF01430	0.9	0.9	0.9	0.933	structures/output/WWF01430/WWF01430_model.cif
WWF01431	0.88	0.86	0.86	0.893	structures/output/WWF01431/WWF01431_model.cif
WWF01432	0.87	0.84	0.84	0.898	structures/output/WWF01432/WWF01432_model.cif
WWF01439	0.78	0.67	0.67	0.73	structures/output/WWF01439/WWF01439_model.cif
WWF01443	0.91	0.83	0.83	0.902	structures/output/WWF01443/WWF01443_model.cif
WWF01444	0.84	0.87	0.87	0.9	structures/output/WWF01444/WWF01444_model.cif
WWF01446	0.73	0.65	0.65	0.844	structures/output/WWF01446/WWF01446_model.cif
WWF01455	0.74	0.44	0.44	0.82	structures/output/WWF01455/WWF01455_model.cif
WWF01458	0.8	0.75	0.75	0.853	structures/output/WWF01458/WWF01458_model.cif
WWF01460	0.87	0.88	0.88	0.883	structures/output/WWF01460/WWF01460_model.cif
WWF01464	0.87	0.81	0.81	0.882	structures/output/WWF01464/WWF01464_model.cif
WWF01469	0.83	0.6	0.6	0.918	structures/output/WWF01469/WWF01469_model.cif
WWF01477	0.79	0.66	0.66	0.785	structures/output/WWF01477/WWF01477_model.cif
WWF01481	0.81	0.77	0.77	0.828	structures/output/WWF01481/WWF01481_model.cif
WWF01483	0.68	0.64	0.64	0.705	structures/output/WWF01483/WWF01483_model.cif
WWF01484	0.91	0.92	0.92	0.942	structures/output/WWF01484/WWF01484_model.cif
WWF01490	0.8	0.61	0.61	0.677	structures/output/WWF01490/WWF01490_model.cif
WWF01491	0.82	0.83	0.83	0.882	structures/output/WWF01491/WWF01491_model.cif
WWF01497	0.86	0.86	0.86	0.883	structures/output/WWF01497/WWF01497_model.cif
WWF01501	0.93	0.91	0.91	0.938	structures/output/WWF01501/WWF01501_model.cif
WWF01506	0.88	0.88	0.88	0.919	structures/output/WWF01506/WWF01506_model.cif
WWF01507	0.84	0.89	0.89	0.905	structures/output/WWF01507/WWF01507_model.cif
WWF01508	0.88	0.87	0.87	0.924	structures/output/WWF01508/WWF01508_model.cif
WWF01509	0.84	0.85	0.85	0.912	structures/output/WWF01509/WWF01509_model.cif
WWF01510	0.86	0.88	0.88	0.882	structures/output/WWF01510/WWF01510_model.cif
WWF01511	0.83	0.85	0.85	0.907	structures/output/WWF01511/WWF01511_model.cif
WWF01519	0.84	0.78	0.78	0.821	structures/output/WWF01519/WWF01519_model.cif
WWF01523	0.85	0.86	0.86	0.917	structures/output/WWF01523/WWF01523_model.cif
WWF01525	0.8	0.78	0.78	0.863	structures/output/WWF01525/WWF01525_model.cif
WWF01527	0.84	0.82	0.82	0.897	structures/output/WWF01527/WWF01527_model.cif
WWF01534	0.84	0.87	0.87	0.912	structures/output/WWF01534/WWF01534_model.cif
WWF01539	0.84	0.85	0.85	0.882	structures/output/WWF01539/WWF01539_model.cif
WWF01545	0.78	0.69	0.69	0.761	structures/output/WWF01545/WWF01545_model.cif
WWF01551	0.81	0.84	0.84	0.895	structures/output/WWF01551/WWF01551_model.cif
WWF01552	0.86	0.87	0.87	0.92	structures/output/WWF01552/WWF01552_model.cif
WWF01553	0.85	0.8	0.8	0.88	structures/output/WWF01553/WWF01553_model.cif
WWF01556	0.82	0.84	0.84	0.891	structures/output/WWF01556/WWF01556_model.cif
WWF01559	0.76	0.73	0.73	0.774	structures/output/WWF01559/WWF01559_model.cif
WWF01560	0.8	0.7	0.7	0.745	structures/output/WWF01560/WWF01560_model.cif
WWF01565	0.88	0.88	0.88	0.889	structures/output/WWF01565/WWF01565_model.cif
WWF01574	0.86	0.85	0.85	0.918	structures/output/WWF01574/WWF01574_model.cif
WWF01576	0.86	0.89	0.89	0.91	structures/output/WWF01576/WWF01576_model.cif
WWF01577	0.81	0.78	0.78	0.873	structures/output/WWF01577/WWF01577_model.cif
WWF01590	0.81	0.82	0.82	0.887	structures/output/WWF01590/WWF01590_model.cif
WWF01595	0.88	0.87	0.87	0.917	structures/output/WWF01595/WWF01595_model.cif
WWF01598	0.75	0.72	0.72	0.779	structures/output/WWF01598/WWF01598_model.cif
WWF01602	0.89	0.9	0.9	0.934	structures/output/WWF01602/WWF01602_model.cif
WWF01608	0.86	0.77	0.77	0.865	structures/output/WWF01608/WWF01608_model.cif
WWF01611	0.79	0.72	0.72	0.808	structures/output/WWF01611/WWF01611_model.cif
WWF01612	0.83	0.82	0.82	0.926	structures/output/WWF01612/WWF01612_model.cif
WWF01614	0.83	0.78	0.78	0.829	structures/output/WWF01614/WWF01614_model.cif
WWF01615	0.91	0.89	0.89	0.885	structures/output/WWF01615/WWF01615_model.cif
WWF01617	0.86	0.86	0.86	0.912	structures/output/WWF01617/WWF01617_model.cif
WWF01622	0.7	0.6	0.6	0.679	structures/output/WWF01622/WWF01622_model.cif
WWF01635	0.84	0.83	0.83	0.881	structures/output/WWF01635/WWF01635_model.cif
WWF01636	0.88	0.85	0.85	0.902	structures/output/WWF01636/WWF01636_model.cif
WWF01639	0.82	0.81	0.81	0.885	structures/output/WWF01639/WWF01639_model.cif
WWF01650	0.82	0.85	0.85	0.914	structures/output/WWF01650/WWF01650_model.cif
WWF01651	0.86	0.81	0.81	0.876	structures/output/WWF01651/WWF01651_model.cif
WWF01652	0.9	0.92	0.92	0.959	structures/output/WWF01652/WWF01652_model.cif
WWF01656	0.92	0.89	0.89	0.944	structures/output/WWF01656/WWF01656_model.cif
WWF01664	0.76	0.67	0.67	0.78	structures/output/WWF01664/WWF01664_model.cif
WWF01669	0.85	0.86	0.86	0.909	structures/output/WWF01669/WWF01669_model.cif
WWF01672	0.85	0.85	0.85	0.884	structures/output/WWF01672/WWF01672_model.cif
WWF01674	0.88	0.87	0.87	0.914	structures/output/WWF01674/WWF01674_model.cif
WWF01678	0.82	0.58	0.58	0.624	structures/output/WWF01678/WWF01678_model.cif
WWF01680	0.84	0.79	0.79	0.828	structures/output/WWF01680/WWF01680_model.cif
WWF01682	0.87	0.86	0.86	0.916	structures/output/WWF01682/WWF01682_model.cif
WWF01684	0.81	0.56	0.56	0.588	structures/output/WWF01684/WWF01684_model.cif
WWF01685	0.83	0.86	0.86	0.895	structures/output/WWF01685/WWF01685_model.cif
WWF01687	0.8	0.78	0.78	0.891	structures/output/WWF01687/WWF01687_model.cif
WWF01718	0.87	0.87	0.87	0.921	structures/output/WWF01718/WWF01718_model.cif
WWF01719	0.83	0.75	0.75	0.819	structures/output/WWF01719/WWF01719_model.cif
WWF01723	0.78	0.66	0.66	0.769	structures/output/WWF01723/WWF01723_model.cif
WWF01733	0.89	0.9	0.9	0.946	structures/output/WWF01733/WWF01733_model.cif
WWF01740	0.89	0.87	0.87	0.903	structures/output/WWF01740/WWF01740_model.cif
WWF01743	0.79	0.67	0.67	0.842	structures/output/WWF01743/WWF01743_model.cif
WWF01746	0.85	0.87	0.87	0.894	structures/output/WWF01746/WWF01746_model.cif
WWF01747	0.82	0.55	0.55	0.7	structures/output/WWF01747/WWF01747_model.cif
WWF01750	0.84	0.81	0.81	0.868	structures/output/WWF01750/WWF01750_model.cif
WWF01751	0.89	0.87	0.87	0.901	structures/output/WWF01751/WWF01751_model.cif
WWF01757	0.85	0.77	0.77	0.821	structures/output/WWF01757/WWF01757_model.cif
WWF01759	0.88	0.87	0.87	0.921	structures/output/WWF01759/WWF01759_model.cif
WWF01762	0.88	0.84	0.84	0.864	structures/output/WWF01762/WWF01762_model.cif
WWF01766	0.83	0.74	0.74	0.79	structures/output/WWF01766/WWF01766_model.cif
WWF01774	0.81	0.78	0.78	0.833	structures/output/WWF01774/WWF01774_model.cif
WWF01776	0.86	0.84	0.84	0.871	structures/output/WWF01776/WWF01776_model.cif
WWF01781	0.75	0.51	0.51	0.634	structures/output/WWF01781/WWF01781_model.cif
WWF01784	0.85	0.73	0.73	0.741	structures/output/WWF01784/WWF01784_model.cif
WWF01795	0.86	0.87	0.87	0.912	structures/output/WWF01795/WWF01795_model.cif
WWF01798	0.88	0.83	0.83	0.893	structures/output/WWF01798/WWF01798_model.cif
WWF01799	0.89	0.88	0.88	0.929	structures/output/WWF01799/WWF01799_model.cif
WWF01804	0.83	0.68	0.68	0.721	structures/output/WWF01804/WWF01804_model.cif
WWF01814	0.81	0.77	0.77	0.885	structures/output/WWF01814/WWF01814_model.cif
WWF01816	0.94	0.95	0.95	0.948	structures/output/WWF01816/WWF01816_model.cif
WWF01819	0.8	0.68	0.68	0.745	structures/output/WWF01819/WWF01819_model.cif
WWF01824	0.77	0.75	0.75	0.814	structures/output/WWF01824/WWF01824_model.cif
WWF01831	0.83	0.84	0.84	0.899	structures/output/WWF01831/WWF01831_model.cif
WWF01837	0.78	0.82	0.82	0.872	structures/output/WWF01837/WWF01837_model.cif
WWF01839	0.87	0.78	0.78	0.783	structures/output/WWF01839/WWF01839_model.cif
WWF01840	0.81	0.83	0.83	0.92	structures/output/WWF01840/WWF01840_model.cif
WWF01841	0.74	0.51	0.51	0.76	structures/output/WWF01841/WWF01841_model.cif
WWF01843	0.84	0.83	0.83	0.852	structures/output/WWF01843/WWF01843_model.cif
WWF01850	0.78	0.82	0.82	0.837	structures/output/WWF01850/WWF01850_model.cif
WWF01853	0.88	0.83	0.83	0.909	structures/output/WWF01853/WWF01853_model.cif
WWF01858	0.78	0.69	0.69	0.808	structures/output/WWF01858/WWF01858_model.cif
WWF01859	0.89	0.88	0.88	0.883	structures/output/WWF01859/WWF01859_model.cif
WWF01870	0.82	0.78	0.78	0.867	structures/output/WWF01870/WWF01870_model.cif
WWF01871	0.85	0.84	0.84	0.917	structures/output/WWF01871/WWF01871_model.cif
WWF01874	0.87	0.85	0.85	0.899	structures/output/WWF01874/WWF01874_model.cif
WWF01882	0.7	0.52	0.52	0.697	structures/output/WWF01882/WWF01882_model.cif
WWF01884	0.82	0.64	0.64	0.667	structures/output/WWF01884/WWF01884_model.cif
WWF01886	0.82	0.68	0.68	0.893	structures/output/WWF01886/WWF01886_model.cif
WWF01890	0.85	0.85	0.85	0.901	structures/output/WWF01890/WWF01890_model.cif
WWF01893	0.81	0.82	0.82	0.908	structures/output/WWF01893/WWF01893_model.cif
WWF01899	0.77	0.73	0.73	0.753	structures/output/WWF01899/WWF01899_model.cif
WWF01901	0.77	0.79	0.79	0.873	structures/output/WWF01901/WWF01901_model.cif
WWF01903	0.78	0.63	0.63	0.694	structures/output/WWF01903/WWF01903_model.cif
WWF01909	0.75	0.77	0.77	0.848	structures/output/WWF01909/WWF01909_model.cif
WWF01914	0.84	0.85	0.85	0.913	structures/output/WWF01914/WWF01914_model.cif
WWF01917	0.72	0.58	0.58	0.641	structures/output/WWF01917/WWF01917_model.cif
WWF01918	0.87	0.86	0.86	0.912	structures/output/WWF01918/WWF01918_model.cif
WWF01919	0.83	0.85	0.85	0.91	structures/output/WWF01919/WWF01919_model.cif
WWF01920	0.87	0.84	0.84	0.902	structures/output/WWF01920/WWF01920_model.cif
WWF01922	0.78	0.8	0.8	0.867	structures/output/WWF01922/WWF01922_model.cif
WWF01925	0.87	0.86	0.86	0.905	structures/output/WWF01925/WWF01925_model.cif
WWF01926	0.92	0.92	0.92	0.949	structures/output/WWF01926/WWF01926_model.cif
WWF01927	0.86	0.84	0.84	0.921	structures/output/WWF01927/WWF01927_model.cif
WWF01932	0.7	0.69	0.69	0.772	structures/output/WWF01932/WWF01932_model.cif
WWF01938	0.81	0.87	0.87	0.919	structures/output/WWF01938/WWF01938_model.cif
WWF01939	0.88	0.85	0.85	0.884	structures/output/WWF01939/WWF01939_model.cif
WWF01941	0.83	0.77	0.77	0.839	structures/output/WWF01941/WWF01941_model.cif
WWF01944	0.78	0.79	0.79	0.868	structures/output/WWF01944/WWF01944_model.cif
WWF01945	0.76	0.59	0.59	0.668	structures/output/WWF01945/WWF01945_model.cif
WWF01949	0.88	0.89	0.89	0.921	structures/output/WWF01949/WWF01949_model.cif
WWF01951	0.81	0.72	0.72	0.89	structures/output/WWF01951/WWF01951_model.cif
WWF01954	0.83	0.81	0.81	0.914	structures/output/WWF01954/WWF01954_model.cif
WWF01964	0.88	0.91	0.91	0.93	structures/output/WWF01964/WWF01964_model.cif
WWF01965	0.79	0.55	0.55	0.613	structures/output/WWF01965/WWF01965_model.cif
WWF01976	0.75	0.77	0.77	0.838	structures/output/WWF01976/WWF01976_model.cif
WWF01982	0.8	0.68	0.68	0.726	structures/output/WWF01982/WWF01982_model.cif
WWF02041	0.83	0.72	0.72	0.808	structures/output/WWF02041/WWF02041_model.cif
WWF02057	0.87	0.84	0.84	0.886	structures/output/WWF02057/WWF02057_model.cif
WWF02061	0.86	0.86	0.86	0.9	structures/output/WWF02061/WWF02061_model.cif
WWF02064	0.76	0.66	0.66	0.788	structures/output/WWF02064/WWF02064_model.cif
WWF02067	0.87	0.88	0.88	0.906	structures/output/WWF02067/WWF02067_model.cif
WWF02079	0.91	0.86	0.86	0.93	structures/output/WWF02079/WWF02079_model.cif
WWF02082	0.83	0.57	0.57	0.58	structures/output/WWF02082/WWF02082_model.cif
WWF02096	0.83	0.82	0.82	0.842	structures/output/WWF02096/WWF02096_model.cif
WWF02098	0.92	0.88	0.88	0.927	structures/output/WWF02098/WWF02098_model.cif
WWF02182	0.83	0.81	0.81	0.906	structures/output/WWF02182/WWF02182_model.cif
WWF02200	0.88	0.86	0.86	0.872	structures/output/WWF02200/WWF02200_model.cif
WWF02203	0.57	0.37	0.37	0.59	structures/output/WWF02203/WWF02203_model.cif
WWF02209	0.85	0.84	0.84	0.897	structures/output/WWF02209/WWF02209_model.cif
WWF02223	0.87	0.88	0.88	0.925	structures/output/WWF02223/WWF02223_model.cif
WWF02227	0.8	0.81	0.81	0.938	structures/output/WWF02227/WWF02227_model.cif
WWF02229	0.8	0.82	0.82	0.845	structures/output/WWF02229/WWF02229_model.cif
WWF02239	0.75	0.72	0.72	0.792	structures/output/WWF02239/WWF02239_model.cif
WWF02242	0.84	0.84	0.84	0.855	structures/output/WWF02242/WWF02242_model.cif
WWF02246	0.75	0.72	0.72	0.806	structures/output/WWF02246/WWF02246_model.cif
WWF02247	0.88	0.84	0.84	0.93	structures/output/WWF02247/WWF02247_model.cif
WWF02249	0.91	0.92	0.92	0.957	structures/output/WWF02249/WWF02249_model.cif
WWF02253	0.77	0.74	0.74	0.832	structures/output/WWF02253/WWF02253_model.cif
WWF02259	0.79	0.72	0.72	0.765	structures/output/WWF02259/WWF02259_model.cif
WWF02266	0.76	0.78	0.78	0.848	structures/output/WWF02266/WWF02266_model.cif
WWF02268	0.83	0.85	0.85	0.915	structures/output/WWF02268/WWF02268_model.cif
WWF02273	0.77	0.74	0.74	0.857	structures/output/WWF02273/WWF02273_model.cif
WWF02282	0.85	0.82	0.82	0.845	structures/output/WWF02282/WWF02282_model.cif
WWF02286	0.88	0.88	0.88	0.928	structures/output/WWF02286/WWF02286_model.cif
WWF02289	0.88	0.87	0.87	0.916	structures/output/WWF02289/WWF02289_model.cif
WWF02301	0.82	0.86	0.86	0.895	structures/output/WWF02301/WWF02301_model.cif
WWF02309	0.87	0.69	0.69	0.794	structures/output/WWF02309/WWF02309_model.cif
WWF02310	0.8	0.82	0.82	0.899	structures/output/WWF02310/WWF02310_model.cif
WWF02312	0.82	0.81	0.81	0.875	structures/output/WWF02312/WWF02312_model.cif
WWF02313	0.91	0.92	0.92	0.952	structures/output/WWF02313/WWF02313_model.cif
WWF02327	0.8	0.65	0.65	0.733	structures/output/WWF02327/WWF02327_model.cif
WWF02328	0.89	0.9	0.9	0.943	structures/output/WWF02328/WWF02328_model.cif
WWF02329	0.78	0.86	0.86	0.884	structures/output/WWF02329/WWF02329_model.cif
WWF02330	0.87	0.88	0.88	0.929	structures/output/WWF02330/WWF02330_model.cif
WWF02332	0.89	0.9	0.9	0.922	structures/output/WWF02332/WWF02332_model.cif
WWF02333	0.84	0.83	0.83	0.918	structures/output/WWF02333/WWF02333_model.cif
WWF02334	0.82	0.83	0.83	0.895	structures/output/WWF02334/WWF02334_model.cif
WWF02335	0.84	0.85	0.85	0.904	structures/output/WWF02335/WWF02335_model.cif
WWF02336	0.87	0.88	0.88	0.916	structures/output/WWF02336/WWF02336_model.cif
WWF02337	0.9	0.9	0.9	0.932	structures/output/WWF02337/WWF02337_model.cif
WWF02339	0.77	0.77	0.77	0.774	structures/output/WWF02339/WWF02339_model.cif
WWF02340	0.83	0.85	0.85	0.906	structures/output/WWF02340/WWF02340_model.cif
WWF02343	0.89	0.91	0.91	0.929	structures/output/WWF02343/WWF02343_model.cif
WWF02346	0.88	0.88	0.88	0.899	structures/output/WWF02346/WWF02346_model.cif
WWF02347	0.89	0.89	0.89	0.924	structures/output/WWF02347/WWF02347_model.cif
WWF02348	0.76	0.58	0.58	0.614	structures/output/WWF02348/WWF02348_model.cif
WWF02350	0.81	0.77	0.77	0.867	structures/output/WWF02350/WWF02350_model.cif
WWF02353	0.81	0.81	0.81	0.841	structures/output/WWF02353/WWF02353_model.cif
WWF02354	0.82	0.86	0.86	0.869	structures/output/WWF02354/WWF02354_model.cif
WWF02362	0.76	0.71	0.71	0.773	structures/output/WWF02362/WWF02362_model.cif
WWF02365	0.82	0.82	0.82	0.879	structures/output/WWF02365/WWF02365_model.cif
WWF02376	0.91	0.89	0.89	0.914	structures/output/WWF02376/WWF02376_model.cif
WWF02391	0.77	0.77	0.77	0.859	structures/output/WWF02391/WWF02391_model.cif
WWF02399	0.87	0.85	0.85	0.914	structures/output/WWF02399/WWF02399_model.cif
WWF02409	0.87	0.84	0.84	0.902	structures/output/WWF02409/WWF02409_model.cif
WWF02413	0.83	0.83	0.83	0.905	structures/output/WWF02413/WWF02413_model.cif
WWF02420	0.84	0.85	0.85	0.909	structures/output/WWF02420/WWF02420_model.cif
WWF02421	0.8	0.78	0.78	0.878	structures/output/WWF02421/WWF02421_model.cif
WWF02426	0.81	0.75	0.75	0.751	structures/output/WWF02426/WWF02426_model.cif
WWF02436	0.84	0.81	0.81	0.897	structures/output/WWF02436/WWF02436_model.cif
WWF02439	0.82	0.82	0.82	0.875	structures/output/WWF02439/WWF02439_model.cif
WWF02440	0.82	0.82	0.82	0.881	structures/output/WWF02440/WWF02440_model.cif
WWF02447	0.81	0.8	0.8	0.869	structures/output/WWF02447/WWF02447_model.cif
WWF02450	0.77	0.53	0.53	0.615	structures/output/WWF02450/WWF02450_model.cif
WWF02457	0.9	0.72	0.72	0.82	structures/output/WWF02457/WWF02457_model.cif
WWF02470	0.81	0.8	0.8	0.886	structures/output/WWF02470/WWF02470_model.cif
WWF02474	0.93	0.92	0.92	0.921	structures/output/WWF02474/WWF02474_model.cif
WWF02475	0.9	0.9	0.9	0.929	structures/output/WWF02475/WWF02475_model.cif
WWF02484	0.87	0.85	0.85	0.912	structures/output/WWF02484/WWF02484_model.cif
WWF02491	0.57	0.25	0.25	0.754	structures/output/WWF02491/WWF02491_model.cif
WWF02502	0.9	0.88	0.88	0.935	structures/output/WWF02502/WWF02502_model.cif
WWF02504	0.84	0.74	0.74	0.805	structures/output/WWF02504/WWF02504_model.cif
WWF02507	0.85	0.86	0.86	0.895	structures/output/WWF02507/WWF02507_model.cif
WWF02509	0.82	0.81	0.81	0.896	structures/output/WWF02509/WWF02509_model.cif
WWF02511	0.85	0.87	0.87	0.908	structures/output/WWF02511/WWF02511_model.cif
WWF02512	0.87	0.88	0.88	0.934	structures/output/WWF02512/WWF02512_model.cif
WWF02515	0.88	0.88	0.88	0.908	structures/output/WWF02515/WWF02515_model.cif
WWF02518	0.86	0.86	0.86	0.912	structures/output/WWF02518/WWF02518_model.cif
WWF02521	0.89	0.92	0.92	0.919	structures/output/WWF02521/WWF02521_model.cif
WWF02523	0.89	0.89	0.89	0.896	structures/output/WWF02523/WWF02523_model.cif
WWF02525	0.81	0.68	0.68	0.7	structures/output/WWF02525/WWF02525_model.cif
WWF02527	0.85	0.84	0.84	0.884	structures/output/WWF02527/WWF02527_model.cif
WWF02528	0.83	0.87	0.87	0.872	structures/output/WWF02528/WWF02528_model.cif
WWF02529	0.81	0.83	0.83	0.868	structures/output/WWF02529/WWF02529_model.cif
WWF02531	0.89	0.93	0.93	0.946	structures/output/WWF02531/WWF02531_model.cif
WWF02532	0.83	0.71	0.71	0.729	structures/output/WWF02532/WWF02532_model.cif
WWF02537	0.9	0.88	0.88	0.933	structures/output/WWF02537/WWF02537_model.cif
WWF02539	0.83	0.83	0.83	0.896	structures/output/WWF02539/WWF02539_model.cif
WWF02540	0.87	0.85	0.85	0.916	structures/output/WWF02540/WWF02540_model.cif
WWF02550	0.85	0.86	0.86	0.914	structures/output/WWF02550/WWF02550_model.cif
WWF02555	0.83	0.76	0.76	0.817	structures/output/WWF02555/WWF02555_model.cif
WWF02556	0.88	0.89	0.89	0.892	structures/output/WWF02556/WWF02556_model.cif
WWF02561	0.85	0.88	0.88	0.944	structures/output/WWF02561/WWF02561_model.cif
WWF02563	0.87	0.89	0.89	0.92	structures/output/WWF02563/WWF02563_model.cif
WWF02565	0.78	0.83	0.83	0.91	structures/output/WWF02565/WWF02565_model.cif
WWF02566	0.85	0.82	0.82	0.898	structures/output/WWF02566/WWF02566_model.cif
WWF02573	0.89	0.87	0.87	0.936	structures/output/WWF02573/WWF02573_model.cif
WWF02574	0.86	0.88	0.88	0.918	structures/output/WWF02574/WWF02574_model.cif
WWF02575	0.85	0.83	0.83	0.866	structures/output/WWF02575/WWF02575_model.cif
WWF02580	0.9	0.91	0.91	0.943	structures/output/WWF02580/WWF02580_model.cif
WWF02585	0.85	0.79	0.79	0.893	structures/output/WWF02585/WWF02585_model.cif
WWF02589	0.88	0.88	0.88	0.919	structures/output/WWF02589/WWF02589_model.cif
WWF02592	0.88	0.88	0.88	0.916	structures/output/WWF02592/WWF02592_model.cif
WWF02593	0.84	0.79	0.79	0.872	structures/output/WWF02593/WWF02593_model.cif
WWF02595	0.83	0.82	0.82	0.895	structures/output/WWF02595/WWF02595_model.cif
WWF02598	0.87	0.88	0.88	0.915	structures/output/WWF02598/WWF02598_model.cif
WWF02604	0.82	0.82	0.82	0.899	structures/output/WWF02604/WWF02604_model.cif
WWF02607	0.84	0.81	0.81	0.888	structures/output/WWF02607/WWF02607_model.cif
WWF02608	0.89	0.88	0.88	0.912	structures/output/WWF02608/WWF02608_model.cif
WWF02611	0.84	0.85	0.85	0.907	structures/output/WWF02611/WWF02611_model.cif
WWF02622	0.79	0.83	0.83	0.865	structures/output/WWF02622/WWF02622_model.cif
WWF02630	0.88	0.91	0.91	0.914	structures/output/WWF02630/WWF02630_model.cif
WWF02632	0.86	0.75	0.75	0.768	structures/output/WWF02632/WWF02632_model.cif
WWF02636	0.81	0.76	0.76	0.891	structures/output/WWF02636/WWF02636_model.cif
WWF02640	0.81	0.83	0.83	0.892	structures/output/WWF02640/WWF02640_model.cif
WWF02642	0.81	0.77	0.77	0.86	structures/output/WWF02642/WWF02642_model.cif
WWF02643	0.88	0.89	0.89	0.939	structures/output/WWF02643/WWF02643_model.cif
WWF02649	0.81	0.82	0.82	0.891	structures/output/WWF02649/WWF02649_model.cif
WWF02650	0.86	0.86	0.86	0.895	structures/output/WWF02650/WWF02650_model.cif
WWF02654	0.82	0.85	0.85	0.894	structures/output/WWF02654/WWF02654_model.cif
WWF02657	0.93	0.92	0.92	0.922	structures/output/WWF02657/WWF02657_model.cif
WWF02658	0.87	0.89	0.89	0.918	structures/output/WWF02658/WWF02658_model.cif
WWF02659	0.87	0.88	0.88	0.923	structures/output/WWF02659/WWF02659_model.cif
WWF02660	0.82	0.79	0.79	0.872	structures/output/WWF02660/WWF02660_model.cif
WWF02666	0.87	0.87	0.87	0.907	structures/output/WWF02666/WWF02666_model.cif
WWF02668	0.86	0.89	0.89	0.908	structures/output/WWF02668/WWF02668_model.cif
WWF02673	0.84	0.86	0.86	0.903	structures/output/WWF02673/WWF02673_model.cif
WWF02678	0.84	0.85	0.85	0.906	structures/output/WWF02678/WWF02678_model.cif
WWF02679	0.79	0.67	0.67	0.813	structures/output/WWF02679/WWF02679_model.cif
WWF02681	0.91	0.9	0.9	0.938	structures/output/WWF02681/WWF02681_model.cif
WWF02682	0.88	0.87	0.87	0.911	structures/output/WWF02682/WWF02682_model.cif
WWF02685	0.86	0.88	0.88	0.92	structures/output/WWF02685/WWF02685_model.cif
WWF02689	0.91	0.94	0.94	0.952	structures/output/WWF02689/WWF02689_model.cif
WWF02691	0.8	0.82	0.82	0.87	structures/output/WWF02691/WWF02691_model.cif
WWF02692	0.87	0.89	0.89	0.911	structures/output/WWF02692/WWF02692_model.cif
WWF02693	0.86	0.84	0.84	0.902	structures/output/WWF02693/WWF02693_model.cif
WWF02694	0.86	0.82	0.82	0.886	structures/output/WWF02694/WWF02694_model.cif
WWF02696	0.87	0.85	0.85	0.908	structures/output/WWF02696/WWF02696_model.cif
WWF02697	0.88	0.92	0.92	0.923	structures/output/WWF02697/WWF02697_model.cif
WWF02699	0.82	0.8	0.8	0.852	structures/output/WWF02699/WWF02699_model.cif
WWF02701	0.81	0.86	0.86	0.897	structures/output/WWF02701/WWF02701_model.cif
WWF02702	0.86	0.88	0.88	0.878	structures/output/WWF02702/WWF02702_model.cif
WWF02704	0.76	0.66	0.66	0.667	structures/output/WWF02704/WWF02704_model.cif
WWF02710	0.84	0.85	0.85	0.897	structures/output/WWF02710/WWF02710_model.cif
WWF02716	0.89	0.9	0.9	0.937	structures/output/WWF02716/WWF02716_model.cif
WWF02717	0.85	0.83	0.83	0.907	structures/output/WWF02717/WWF02717_model.cif
WWF02718	0.83	0.82	0.82	0.894	structures/output/WWF02718/WWF02718_model.cif
WWF02720	0.89	0.88	0.88	0.918	structures/output/WWF02720/WWF02720_model.cif
WWF02721	0.71	0.54	0.54	0.618	structures/output/WWF02721/WWF02721_model.cif
WWF02722	0.78	0.67	0.67	0.756	structures/output/WWF02722/WWF02722_model.cif
WWF02724	0.84	0.81	0.81	0.878	structures/output/WWF02724/WWF02724_model.cif
WWF02726	0.81	0.79	0.79	0.818	structures/output/WWF02726/WWF02726_model.cif
WWF02730	0.88	0.89	0.89	0.926	structures/output/WWF02730/WWF02730_model.cif
WWF02731	0.86	0.87	0.87	0.901	structures/output/WWF02731/WWF02731_model.cif
WWF02734	0.78	0.8	0.8	0.862	structures/output/WWF02734/WWF02734_model.cif
WWF02735	0.82	0.78	0.78	0.869	structures/output/WWF02735/WWF02735_model.cif
WWF02739	0.89	0.89	0.89	0.93	structures/output/WWF02739/WWF02739_model.cif
WWF02742	0.85	0.85	0.85	0.881	structures/output/WWF02742/WWF02742_model.cif
WWF02744	0.89	0.87	0.87	0.926	structures/output/WWF02744/WWF02744_model.cif
WWF02745	0.92	0.92	0.92	0.93	structures/output/WWF02745/WWF02745_model.cif
WWF02746	0.86	0.85	0.85	0.926	structures/output/WWF02746/WWF02746_model.cif
WWF02754	0.84	0.88	0.88	0.927	structures/output/WWF02754/WWF02754_model.cif
WWF02755	0.86	0.89	0.89	0.899	structures/output/WWF02755/WWF02755_model.cif
WWF02757	0.83	0.83	0.83	0.88	structures/output/WWF02757/WWF02757_model.cif
WWF02764	0.93	0.91	0.91	0.918	structures/output/WWF02764/WWF02764_model.cif
WWF02766	0.83	0.84	0.84	0.891	structures/output/WWF02766/WWF02766_model.cif
WWF02777	0.85	0.88	0.88	0.912	structures/output/WWF02777/WWF02777_model.cif
WWF02779	0.9	0.91	0.91	0.938	structures/output/WWF02779/WWF02779_model.cif
WWF02786	0.84	0.86	0.86	0.885	structures/output/WWF02786/WWF02786_model.cif
WWF02793	0.85	0.82	0.82	0.904	structures/output/WWF02793/WWF02793_model.cif
WWF02794	0.76	0.65	0.65	0.802	structures/output/WWF02794/WWF02794_model.cif
WWF02796	0.88	0.85	0.85	0.903	structures/output/WWF02796/WWF02796_model.cif
WWF02804	0.84	0.84	0.84	0.882	structures/output/WWF02804/WWF02804_model.cif
WWF02805	0.81	0.81	0.81	0.897	structures/output/WWF02805/WWF02805_model.cif
WWF02807	0.79	0.81	0.81	0.908	structures/output/WWF02807/WWF02807_model.cif
WWF02814	0.85	0.84	0.84	0.919	structures/output/WWF02814/WWF02814_model.cif
WWF02815	0.87	0.8	0.8	0.801	structures/output/WWF02815/WWF02815_model.cif
WWF02817	0.88	0.87	0.87	0.927	structures/output/WWF02817/WWF02817_model.cif
WWF02826	0.72	0.63	0.63	0.772	structures/output/WWF02826/WWF02826_model.cif
WWF02838	0.85	0.83	0.83	0.899	structures/output/WWF02838/WWF02838_model.cif
WWF02839	0.79	0.73	0.73	0.773	structures/output/WWF02839/WWF02839_model.cif
WWF02850	0.83	0.8	0.8	0.834	structures/output/WWF02850/WWF02850_model.cif
WWF02852	0.76	0.72	0.72	0.802	structures/output/WWF02852/WWF02852_model.cif
WWF02854	0.86	0.86	0.86	0.927	structures/output/WWF02854/WWF02854_model.cif
WWF02857	0.82	0.8	0.8	0.875	structures/output/WWF02857/WWF02857_model.cif
WWF02862	0.84	0.84	0.84	0.898	structures/output/WWF02862/WWF02862_model.cif
WWF02863	0.78	0.77	0.77	0.791	structures/output/WWF02863/WWF02863_model.cif
WWF02864	0.74	0.53	0.53	0.672	structures/output/WWF02864/WWF02864_model.cif
WWF02865	0.73	0.64	0.64	0.703	structures/output/WWF02865/WWF02865_model.cif
WWF02870	0.88	0.84	0.84	0.892	structures/output/WWF02870/WWF02870_model.cif
WWF02872	0.83	0.82	0.82	0.897	structures/output/WWF02872/WWF02872_model.cif
WWF02882	0.81	0.8	0.8	0.867	structures/output/WWF02882/WWF02882_model.cif
WWF02883	0.83	0.82	0.82	0.897	structures/output/WWF02883/WWF02883_model.cif
WWF02885	0.87	0.86	0.86	0.911	structures/output/WWF02885/WWF02885_model.cif
WWF02886	0.9	0.88	0.88	0.926	structures/output/WWF02886/WWF02886_model.cif
WWF02893	0.89	0.87	0.87	0.892	structures/output/WWF02893/WWF02893_model.cif
WWF02894	0.81	0.62	0.62	0.697	structures/output/WWF02894/WWF02894_model.cif
WWF02896	0.81	0.83	0.83	0.905	structures/output/WWF02896/WWF02896_model.cif
WWF02900	0.88	0.86	0.86	0.913	structures/output/WWF02900/WWF02900_model.cif
WWF02901	0.74	0.73	0.73	0.807	structures/output/WWF02901/WWF02901_model.cif
WWF02904	0.82	0.74	0.74	0.783	structures/output/WWF02904/WWF02904_model.cif
WWF02908	0.87	0.84	0.84	0.898	structures/output/WWF02908/WWF02908_model.cif
WWF02913	0.86	0.88	0.88	0.928	structures/output/WWF02913/WWF02913_model.cif
WWF02923	0.89	0.87	0.87	0.93	structures/output/WWF02923/WWF02923_model.cif
WWF02924	0.89	0.83	0.83	0.872	structures/output/WWF02924/WWF02924_model.cif
WWF02926	0.78	0.83	0.83	0.89	structures/output/WWF02926/WWF02926_model.cif
WWF02932	0.89	0.9	0.9	0.923	structures/output/WWF02932/WWF02932_model.cif
WWF02943	0.9	0.88	0.88	0.93	structures/output/WWF02943/WWF02943_model.cif
WWF02946	0.81	0.8	0.8	0.878	structures/output/WWF02946/WWF02946_model.cif
WWF02952	0.84	0.8	0.8	0.838	structures/output/WWF02952/WWF02952_model.cif
WWF02953	0.87	0.9	0.9	0.922	structures/output/WWF02953/WWF02953_model.cif
WWF02958	0.88	0.88	0.88	0.915	structures/output/WWF02958/WWF02958_model.cif
WWF02959	0.86	0.84	0.84	0.911	structures/output/WWF02959/WWF02959_model.cif
WWF02961	0.86	0.84	0.84	0.887	structures/output/WWF02961/WWF02961_model.cif
WWF02965	0.78	0.79	0.79	0.859	structures/output/WWF02965/WWF02965_model.cif
WWF02966	0.87	0.83	0.83	0.905	structures/output/WWF02966/WWF02966_model.cif
WWF02969	0.84	0.85	0.85	0.908	structures/output/WWF02969/WWF02969_model.cif
WWF02971	0.81	0.75	0.75	0.842	structures/output/WWF02971/WWF02971_model.cif
WWF02972	0.79	0.81	0.81	0.844	structures/output/WWF02972/WWF02972_model.cif
WWF02973	0.83	0.66	0.66	0.705	structures/output/WWF02973/WWF02973_model.cif
WWF02975	0.81	0.8	0.8	0.826	structures/output/WWF02975/WWF02975_model.cif
WWF02976	0.81	0.82	0.82	0.892	structures/output/WWF02976/WWF02976_model.cif
WWF02984	0.92	0.93	0.93	0.925	structures/output/WWF02984/WWF02984_model.cif
WWF02989	0.81	0.55	0.55	0.703	structures/output/WWF02989/WWF02989_model.cif
WWF02990	0.77	0.77	0.77	0.853	structures/output/WWF02990/WWF02990_model.cif
WWF02993	0.88	0.89	0.89	0.93	structures/output/WWF02993/WWF02993_model.cif
WWF02999	0.89	0.86	0.86	0.9	structures/output/WWF02999/WWF02999_model.cif
WWF03000	0.89	0.87	0.87	0.923	structures/output/WWF03000/WWF03000_model.cif
WWF03002	0.86	0.83	0.83	0.891	structures/output/WWF03002/WWF03002_model.cif
WWF03007	0.87	0.86	0.86	0.888	structures/output/WWF03007/WWF03007_model.cif
WWF03011	0.76	0.77	0.77	0.858	structures/output/WWF03011/WWF03011_model.cif
WWF03014	0.77	0.71	0.71	0.842	structures/output/WWF03014/WWF03014_model.cif
WWF03017	0.89	0.9	0.9	0.939	structures/output/WWF03017/WWF03017_model.cif
WWF03020	0.76	0.61	0.61	0.71	structures/output/WWF03020/WWF03020_model.cif
WWF03021	0.85	0.8	0.8	0.854	structures/output/WWF03021/WWF03021_model.cif
WWF03035	0.83	0.81	0.81	0.891	structures/output/WWF03035/WWF03035_model.cif
WWF03036	0.83	0.79	0.79	0.88	structures/output/WWF03036/WWF03036_model.cif
WWF03039	0.8	0.67	0.67	0.692	structures/output/WWF03039/WWF03039_model.cif
WWF03042	0.77	0.49	0.49	0.537	structures/output/WWF03042/WWF03042_model.cif
WWF03053	0.78	0.79	0.79	0.865	structures/output/WWF03053/WWF03053_model.cif
WWF03055	0.84	0.83	0.83	0.869	structures/output/WWF03055/WWF03055_model.cif
WWF03058	0.89	0.85	0.85	0.91	structures/output/WWF03058/WWF03058_model.cif
WWF03062	0.86	0.83	0.83	0.871	structures/output/WWF03062/WWF03062_model.cif
WWF03064	0.75	0.74	0.74	0.818	structures/output/WWF03064/WWF03064_model.cif
WWF03069	0.87	0.85	0.85	0.91	structures/output/WWF03069/WWF03069_model.cif
WWF03073	0.86	0.78	0.78	0.831	structures/output/WWF03073/WWF03073_model.cif
WWF03077	0.88	0.86	0.86	0.906	structures/output/WWF03077/WWF03077_model.cif
WWF03078	0.82	0.79	0.79	0.849	structures/output/WWF03078/WWF03078_model.cif
WWF03079	0.86	0.87	0.87	0.921	structures/output/WWF03079/WWF03079_model.cif
WWF03080	0.82	0.81	0.81	0.889	structures/output/WWF03080/WWF03080_model.cif
WWF03096	0.87	0.87	0.87	0.887	structures/output/WWF03096/WWF03096_model.cif
WWF03098	0.88	0.8	0.8	0.855	structures/output/WWF03098/WWF03098_model.cif
WWF03103	0.8	0.79	0.79	0.832	structures/output/WWF03103/WWF03103_model.cif
WWF03104	0.76	0.76	0.76	0.844	structures/output/WWF03104/WWF03104_model.cif
WWF03107	0.87	0.88	0.88	0.937	structures/output/WWF03107/WWF03107_model.cif
WWF03108	0.9	0.92	0.92	0.944	structures/output/WWF03108/WWF03108_model.cif
WWF03114	0.73	0.72	0.72	0.826	structures/output/WWF03114/WWF03114_model.cif
WWF03116	0.91	0.93	0.93	0.949	structures/output/WWF03116/WWF03116_model.cif
WWF03120	0.87	0.81	0.81	0.893	structures/output/WWF03120/WWF03120_model.cif
WWF03123	0.78	0.82	0.82	0.883	structures/output/WWF03123/WWF03123_model.cif
WWF03125	0.83	0.81	0.81	0.872	structures/output/WWF03125/WWF03125_model.cif
WWF03127	0.89	0.86	0.86	0.901	structures/output/WWF03127/WWF03127_model.cif
WWF03129	0.8	0.79	0.79	0.895	structures/output/WWF03129/WWF03129_model.cif
WWF03130	0.86	0.83	0.83	0.879	structures/output/WWF03130/WWF03130_model.cif
WWF03131	0.93	0.9	0.9	0.897	structures/output/WWF03131/WWF03131_model.cif
WWF03137	0.73	0.74	0.74	0.826	structures/output/WWF03137/WWF03137_model.cif
WWF03139	0.83	0.85	0.85	0.896	structures/output/WWF03139/WWF03139_model.cif
WWF03143	0.79	0.75	0.75	0.79	structures/output/WWF03143/WWF03143_model.cif
WWF03144	0.79	0.81	0.81	0.856	structures/output/WWF03144/WWF03144_model.cif
WWF03148	0.87	0.88	0.88	0.923	structures/output/WWF03148/WWF03148_model.cif
WWF03152	0.87	0.86	0.86	0.921	structures/output/WWF03152/WWF03152_model.cif
WWF03153	0.66	0.51	0.51	0.74	structures/output/WWF03153/WWF03153_model.cif
WWF03154	0.94	0.92	0.92	0.947	structures/output/WWF03154/WWF03154_model.cif
WWF03155	0.8	0.81	0.81	0.882	structures/output/WWF03155/WWF03155_model.cif
WWF03156	0.81	0.81	0.81	0.87	structures/output/WWF03156/WWF03156_model.cif
WWF03157	0.8	0.69	0.69	0.765	structures/output/WWF03157/WWF03157_model.cif
WWF03159	0.78	0.81	0.81	0.886	structures/output/WWF03159/WWF03159_model.cif
WWF03162	0.92	0.91	0.91	0.909	structures/output/WWF03162/WWF03162_model.cif
WWF03166	0.76	0.8	0.8	0.859	structures/output/WWF03166/WWF03166_model.cif
WWF03169	0.72	0.7	0.7	0.802	structures/output/WWF03169/WWF03169_model.cif
WWF03178	0.84	0.79	0.79	0.908	structures/output/WWF03178/WWF03178_model.cif
WWF03179	0.88	0.86	0.86	0.93	structures/output/WWF03179/WWF03179_model.cif
WWF03181	0.83	0.85	0.85	0.91	structures/output/WWF03181/WWF03181_model.cif
WWF03186	0.9	0.86	0.86	0.905	structures/output/WWF03186/WWF03186_model.cif
WWF03189	0.89	0.86	0.86	0.884	structures/output/WWF03189/WWF03189_model.cif
WWF03191	0.84	0.86	0.86	0.914	structures/output/WWF03191/WWF03191_model.cif
WWF03192	0.93	0.94	0.94	0.955	structures/output/WWF03192/WWF03192_model.cif
WWF03194	0.81	0.82	0.82	0.902	structures/output/WWF03194/WWF03194_model.cif
WWF03195	0.88	0.85	0.85	0.892	structures/output/WWF03195/WWF03195_model.cif
WWF03204	0.83	0.81	0.81	0.875	structures/output/WWF03204/WWF03204_model.cif
WWF03205	0.83	0.79	0.79	0.883	structures/output/WWF03205/WWF03205_model.cif
WWF03208	0.87	0.88	0.88	0.934	structures/output/WWF03208/WWF03208_model.cif
WWF03212	0.9	0.9	0.9	0.939	structures/output/WWF03212/WWF03212_model.cif
WWF03216	0.83	0.83	0.83	0.905	structures/output/WWF03216/WWF03216_model.cif
WWF03218	0.84	0.84	0.84	0.895	structures/output/WWF03218/WWF03218_model.cif
WWF03219	0.92	0.93	0.93	0.934	structures/output/WWF03219/WWF03219_model.cif
WWF03223	0.81	0.77	0.77	0.862	structures/output/WWF03223/WWF03223_model.cif
WWF03227	0.8	0.81	0.81	0.886	structures/output/WWF03227/WWF03227_model.cif
WWF03233	0.83	0.81	0.81	0.858	structures/output/WWF03233/WWF03233_model.cif
WWF03234	0.75	0.49	0.49	0.497	structures/output/WWF03234/WWF03234_model.cif
WWF03235	0.76	0.82	0.82	0.899	structures/output/WWF03235/WWF03235_model.cif
WWF03237	0.77	0.73	0.73	0.868	structures/output/WWF03237/WWF03237_model.cif
WWF03243	0.64	0.61	0.61	0.703	structures/output/WWF03243/WWF03243_model.cif
WWF03245	0.86	0.88	0.88	0.913	structures/output/WWF03245/WWF03245_model.cif
WWF03248	0.83	0.82	0.82	0.899	structures/output/WWF03248/WWF03248_model.cif
WWF03255	0.83	0.74	0.74	0.766	structures/output/WWF03255/WWF03255_model.cif
WWF03258	0.85	0.85	0.85	0.901	structures/output/WWF03258/WWF03258_model.cif
WWF03273	0.8	0.56	0.56	0.613	structures/output/WWF03273/WWF03273_model.cif
WWF03275	0.89	0.88	0.88	0.919	structures/output/WWF03275/WWF03275_model.cif
WWF03284	0.9	0.92	0.92	0.946	structures/output/WWF03284/WWF03284_model.cif
WWF03296	0.81	0.79	0.79	0.838	structures/output/WWF03296/WWF03296_model.cif
WWF03297	0.85	0.87	0.87	0.919	structures/output/WWF03297/WWF03297_model.cif
WWF03300	0.88	0.83	0.83	0.898	structures/output/WWF03300/WWF03300_model.cif
WWF03303	0.87	0.84	0.84	0.909	structures/output/WWF03303/WWF03303_model.cif
WWF03304	0.76	0.81	0.81	0.889	structures/output/WWF03304/WWF03304_model.cif
WWF03306	0.89	0.89	0.89	0.923	structures/output/WWF03306/WWF03306_model.cif
WWF03310	0.87	0.86	0.86	0.921	structures/output/WWF03310/WWF03310_model.cif
WWF03313	0.83	0.79	0.79	0.903	structures/output/WWF03313/WWF03313_model.cif
WWF03316	0.81	0.8	0.8	0.891	structures/output/WWF03316/WWF03316_model.cif
WWF03318	0.87	0.82	0.82	0.867	structures/output/WWF03318/WWF03318_model.cif
WWF03321	0.86	0.85	0.85	0.925	structures/output/WWF03321/WWF03321_model.cif
WWF03325	0.88	0.86	0.86	0.921	structures/output/WWF03325/WWF03325_model.cif
WWF03331	0.74	0.74	0.74	0.807	structures/output/WWF03331/WWF03331_model.cif
WWF03334	0.84	0.81	0.81	0.887	structures/output/WWF03334/WWF03334_model.cif
WWF03335	0.87	0.85	0.85	0.913	structures/output/WWF03335/WWF03335_model.cif
WWF03340	0.83	0.78	0.78	0.866	structures/output/WWF03340/WWF03340_model.cif
WWF03343	0.79	0.69	0.69	0.795	structures/output/WWF03343/WWF03343_model.cif
WWF03352	0.89	0.87	0.87	0.921	structures/output/WWF03352/WWF03352_model.cif
WWF03353	0.88	0.87	0.87	0.906	structures/output/WWF03353/WWF03353_model.cif
WWF03354	0.82	0.85	0.85	0.884	structures/output/WWF03354/WWF03354_model.cif
WWF03355	0.76	0.78	0.78	0.825	structures/output/WWF03355/WWF03355_model.cif
WWF03356	0.75	0.7	0.7	0.747	structures/output/WWF03356/WWF03356_model.cif
WWF03357	0.77	0.76	0.76	0.812	structures/output/WWF03357/WWF03357_model.cif
WWF03358	0.82	0.78	0.78	0.892	structures/output/WWF03358/WWF03358_model.cif
WWF03359	0.83	0.69	0.69	0.718	structures/output/WWF03359/WWF03359_model.cif
WWF03360	0.85	0.87	0.87	0.92	structures/output/WWF03360/WWF03360_model.cif
WWF03367	0.83	0.79	0.79	0.83	structures/output/WWF03367/WWF03367_model.cif
WWF03369	0.93	0.93	0.93	0.945	structures/output/WWF03369/WWF03369_model.cif
WWF03373	0.89	0.9	0.9	0.955	structures/output/WWF03373/WWF03373_model.cif
WWF03374	0.9	0.9	0.9	0.928	structures/output/WWF03374/WWF03374_model.cif
WWF03377	0.84	0.88	0.88	0.889	structures/output/WWF03377/WWF03377_model.cif
WWF03384	0.7	0.74	0.74	0.794	structures/output/WWF03384/WWF03384_model.cif
WWF03386	0.72	0.76	0.76	0.85	structures/output/WWF03386/WWF03386_model.cif
WWF03387	0.86	0.9	0.9	0.899	structures/output/WWF03387/WWF03387_model.cif
WWF03388	0.86	0.88	0.88	0.924	structures/output/WWF03388/WWF03388_model.cif
WWF03389	0.8	0.78	0.78	0.799	structures/output/WWF03389/WWF03389_model.cif
WWF03395	0.84	0.68	0.68	0.714	structures/output/WWF03395/WWF03395_model.cif
WWF03399	0.86	0.85	0.85	0.903	structures/output/WWF03399/WWF03399_model.cif
WWF03403	0.83	0.81	0.81	0.861	structures/output/WWF03403/WWF03403_model.cif
WWF03407	0.86	0.87	0.87	0.886	structures/output/WWF03407/WWF03407_model.cif
WWF03411	0.76	0.7	0.7	0.779	structures/output/WWF03411/WWF03411_model.cif
WWF03412	0.83	0.86	0.86	0.908	structures/output/WWF03412/WWF03412_model.cif
WWF03413	0.87	0.83	0.83	0.913	structures/output/WWF03413/WWF03413_model.cif
WWF03417	0.92	0.82	0.82	0.887	structures/output/WWF03417/WWF03417_model.cif
WWF03421	0.83	0.83	0.83	0.89	structures/output/WWF03421/WWF03421_model.cif
WWF03424	0.8	0.64	0.64	0.666	structures/output/WWF03424/WWF03424_model.cif
WWF03428	0.89	0.81	0.81	0.807	structures/output/WWF03428/WWF03428_model.cif
WWF03430	0.88	0.86	0.86	0.908	structures/output/WWF03430/WWF03430_model.cif
WWF03436	0.82	0.71	0.71	0.786	structures/output/WWF03436/WWF03436_model.cif
WWF03438	0.82	0.68	0.68	0.726	structures/output/WWF03438/WWF03438_model.cif
WWF03441	0.87	0.87	0.87	0.897	structures/output/WWF03441/WWF03441_model.cif
WWF03447	0.8	0.78	0.78	0.85	structures/output/WWF03447/WWF03447_model.cif
WWF03448	0.81	0.76	0.76	0.807	structures/output/WWF03448/WWF03448_model.cif
WWF03449	0.8	0.67	0.67	0.681	structures/output/WWF03449/WWF03449_model.cif
WWF03451	0.81	0.86	0.86	0.871	structures/output/WWF03451/WWF03451_model.cif
WWF03452	0.74	0.68	0.68	0.746	structures/output/WWF03452/WWF03452_model.cif
WWF03453	0.88	0.88	0.88	0.932	structures/output/WWF03453/WWF03453_model.cif
WWF03456	0.81	0.83	0.83	0.896	structures/output/WWF03456/WWF03456_model.cif
WWF03462	0.84	0.87	0.87	0.885	structures/output/WWF03462/WWF03462_model.cif
WWF03466	0.85	0.81	0.81	0.846	structures/output/WWF03466/WWF03466_model.cif
WWF03469	0.83	0.87	0.87	0.917	structures/output/WWF03469/WWF03469_model.cif
WWF03471	0.85	0.82	0.82	0.849	structures/output/WWF03471/WWF03471_model.cif
WWF03472	0.73	0.68	0.68	0.744	structures/output/WWF03472/WWF03472_model.cif
WWF03475	0.79	0.8	0.8	0.885	structures/output/WWF03475/WWF03475_model.cif
WWF03478	0.81	0.8	0.8	0.899	structures/output/WWF03478/WWF03478_model.cif
WWF03483	0.86	0.83	0.83	0.88	structures/output/WWF03483/WWF03483_model.cif
WWF03485	0.86	0.85	0.85	0.849	structures/output/WWF03485/WWF03485_model.cif
WWF03486	0.89	0.9	0.9	0.904	structures/output/WWF03486/WWF03486_model.cif
WWF03489	0.79	0.64	0.64	0.709	structures/output/WWF03489/WWF03489_model.cif
WWF03492	0.92	0.9	0.9	0.958	structures/output/WWF03492/WWF03492_model.cif
WWF03493	0.89	0.86	0.86	0.897	structures/output/WWF03493/WWF03493_model.cif
WWF03502	0.83	0.88	0.88	0.88	structures/output/WWF03502/WWF03502_model.cif
WWF03503	0.84	0.85	0.85	0.907	structures/output/WWF03503/WWF03503_model.cif
WWF03505	0.87	0.83	0.83	0.898	structures/output/WWF03505/WWF03505_model.cif
WWF03506	0.88	0.89	0.89	0.925	structures/output/WWF03506/WWF03506_model.cif
WWF03511	0.76	0.54	0.54	0.67	structures/output/WWF03511/WWF03511_model.cif
WWF03514	0.9	0.9	0.9	0.907	structures/output/WWF03514/WWF03514_model.cif
WWF03516	0.81	0.74	0.74	0.823	structures/output/WWF03516/WWF03516_model.cif
WWF03526	0.87	0.67	0.67	0.799	structures/output/WWF03526/WWF03526_model.cif
WWF03528	0.85	0.84	0.84	0.894	structures/output/WWF03528/WWF03528_model.cif
WWF03535	0.87	0.85	0.85	0.92	structures/output/WWF03535/WWF03535_model.cif
WWF03537	0.88	0.88	0.88	0.935	structures/output/WWF03537/WWF03537_model.cif
WWF03541	0.88	0.87	0.87	0.944	structures/output/WWF03541/WWF03541_model.cif
WWF03544	0.8	0.68	0.68	0.884	structures/output/WWF03544/WWF03544_model.cif
WWF03546	0.83	0.83	0.83	0.895	structures/output/WWF03546/WWF03546_model.cif
WWF03554	0.85	0.84	0.84	0.865	structures/output/WWF03554/WWF03554_model.cif
WWF03559	0.84	0.83	0.83	0.875	structures/output/WWF03559/WWF03559_model.cif
WWF03561	0.83	0.82	0.82	0.848	structures/output/WWF03561/WWF03561_model.cif
WWF03565	0.82	0.79	0.79	0.887	structures/output/WWF03565/WWF03565_model.cif
WWF03567	0.91	0.91	0.91	0.945	structures/output/WWF03567/WWF03567_model.cif
WWF03570	0.85	0.84	0.84	0.913	structures/output/WWF03570/WWF03570_model.cif
WWF03573	0.8	0.65	0.65	0.702	structures/output/WWF03573/WWF03573_model.cif
WWF03576	0.82	0.75	0.75	0.837	structures/output/WWF03576/WWF03576_model.cif
WWF03582	0.92	0.93	0.93	0.958	structures/output/WWF03582/WWF03582_model.cif
WWF03585	0.82	0.85	0.85	0.907	structures/output/WWF03585/WWF03585_model.cif
WWF03587	0.91	0.91	0.91	0.926	structures/output/WWF03587/WWF03587_model.cif
WWF03590	0.77	0.7	0.7	0.766	structures/output/WWF03590/WWF03590_model.cif
WWF03591	0.81	0.67	0.67	0.731	structures/output/WWF03591/WWF03591_model.cif
WWF03597	0.89	0.88	0.88	0.906	structures/output/WWF03597/WWF03597_model.cif
WWF03598	0.82	0.8	0.8	0.905	structures/output/WWF03598/WWF03598_model.cif
WWF03600	0.86	0.83	0.83	0.902	structures/output/WWF03600/WWF03600_model.cif
WWF03603	0.79	0.75	0.75	0.891	structures/output/WWF03603/WWF03603_model.cif
WWF03610	0.82	0.85	0.85	0.901	structures/output/WWF03610/WWF03610_model.cif
WWF03618	0.78	0.53	0.53	0.766	structures/output/WWF03618/WWF03618_model.cif
WWF03622	0.86	0.88	0.88	0.915	structures/output/WWF03622/WWF03622_model.cif
WWF03625	0.81	0.81	0.81	0.891	structures/output/WWF03625/WWF03625_model.cif
WWF03628	0.8	0.7	0.7	0.787	structures/output/WWF03628/WWF03628_model.cif
WWF03635	0.87	0.87	0.87	0.942	structures/output/WWF03635/WWF03635_model.cif
WWF03636	0.78	0.84	0.84	0.859	structures/output/WWF03636/WWF03636_model.cif
WWF03637	0.85	0.83	0.83	0.889	structures/output/WWF03637/WWF03637_model.cif
WWF03639	0.95	0.95	0.95	0.948	structures/output/WWF03639/WWF03639_model.cif
WWF03640	0.85	0.88	0.88	0.902	structures/output/WWF03640/WWF03640_model.cif
WWF03641	0.87	0.88	0.88	0.912	structures/output/WWF03641/WWF03641_model.cif
WWF03644	0.84	0.84	0.84	0.921	structures/output/WWF03644/WWF03644_model.cif
WWF03646	0.9	0.9	0.9	0.938	structures/output/WWF03646/WWF03646_model.cif
WWF03654	0.82	0.83	0.83	0.878	structures/output/WWF03654/WWF03654_model.cif
WWF03656	0.72	0.63	0.63	0.759	structures/output/WWF03656/WWF03656_model.cif
WWF03657	0.89	0.86	0.86	0.892	structures/output/WWF03657/WWF03657_model.cif
WWF03661	0.89	0.89	0.89	0.934	structures/output/WWF03661/WWF03661_model.cif
WWF03668	0.83	0.77	0.77	0.793	structures/output/WWF03668/WWF03668_model.cif
WWF03670	0.78	0.76	0.76	0.83	structures/output/WWF03670/WWF03670_model.cif
WWF03672	0.85	0.86	0.86	0.911	structures/output/WWF03672/WWF03672_model.cif
WWF03673	0.84	0.82	0.82	0.881	structures/output/WWF03673/WWF03673_model.cif
WWF03674	0.84	0.84	0.84	0.878	structures/output/WWF03674/WWF03674_model.cif
WWF03680	0.76	0.77	0.77	0.836	structures/output/WWF03680/WWF03680_model.cif
WWF03683	0.8	0.82	0.82	0.899	structures/output/WWF03683/WWF03683_model.cif
WWF03686	0.92	0.94	0.94	0.964	structures/output/WWF03686/WWF03686_model.cif
WWF03693	0.86	0.8	0.8	0.843	structures/output/WWF03693/WWF03693_model.cif
WWF03700	0.93	0.9	0.9	0.899	structures/output/WWF03700/WWF03700_model.cif
WWF03701	0.86	0.86	0.86	0.9	structures/output/WWF03701/WWF03701_model.cif
WWF03702	0.88	0.86	0.86	0.898	structures/output/WWF03702/WWF03702_model.cif
WWF03704	0.9	0.92	0.92	0.951	structures/output/WWF03704/WWF03704_model.cif
WWF03711	0.88	0.83	0.83	0.831	structures/output/WWF03711/WWF03711_model.cif
WWF03713	0.83	0.85	0.85	0.887	structures/output/WWF03713/WWF03713_model.cif
WWF03715	0.87	0.86	0.86	0.897	structures/output/WWF03715/WWF03715_model.cif
WWF03716	0.87	0.7	0.7	0.818	structures/output/WWF03716/WWF03716_model.cif
WWF03717	0.84	0.85	0.85	0.892	structures/output/WWF03717/WWF03717_model.cif
WWF03719	0.82	0.83	0.83	0.881	structures/output/WWF03719/WWF03719_model.cif
WWF03721	0.82	0.67	0.67	0.726	structures/output/WWF03721/WWF03721_model.cif
WWF03724	0.86	0.84	0.84	0.922	structures/output/WWF03724/WWF03724_model.cif
WWF03730	0.78	0.7	0.7	0.813	structures/output/WWF03730/WWF03730_model.cif
WWF03733	0.91	0.9	0.9	0.941	structures/output/WWF03733/WWF03733_model.cif
WWF03735	0.84	0.81	0.81	0.87	structures/output/WWF03735/WWF03735_model.cif
WWF03736	0.8	0.62	0.62	0.807	structures/output/WWF03736/WWF03736_model.cif
WWF03741	0.81	0.81	0.81	0.892	structures/output/WWF03741/WWF03741_model.cif
WWF03745	0.74	0.65	0.65	0.747	structures/output/WWF03745/WWF03745_model.cif
WWF03747	0.86	0.87	0.87	0.907	structures/output/WWF03747/WWF03747_model.cif
WWF03749	0.82	0.81	0.81	0.876	structures/output/WWF03749/WWF03749_model.cif
WWF03754	0.89	0.9	0.9	0.913	structures/output/WWF03754/WWF03754_model.cif
WWF03759	0.87	0.83	0.83	0.856	structures/output/WWF03759/WWF03759_model.cif
WWF03764	0.92	0.84	0.84	0.84	structures/output/WWF03764/WWF03764_model.cif
WWF03776	0.77	0.63	0.63	0.812	structures/output/WWF03776/WWF03776_model.cif
WWF03783	0.83	0.81	0.81	0.808	structures/output/WWF03783/WWF03783_model.cif
WWF03796	0.84	0.82	0.82	0.859	structures/output/WWF03796/WWF03796_model.cif
WWF03803	0.85	0.83	0.83	0.901	structures/output/WWF03803/WWF03803_model.cif
WWF03807	0.86	0.85	0.85	0.903	structures/output/WWF03807/WWF03807_model.cif
WWF03812	0.85	0.83	0.83	0.9	structures/output/WWF03812/WWF03812_model.cif
WWF03813	0.8	0.79	0.79	0.875	structures/output/WWF03813/WWF03813_model.cif
WWF03817	0.85	0.72	0.72	0.724	structures/output/WWF03817/WWF03817_model.cif
WWF03825	0.8	0.75	0.75	0.806	structures/output/WWF03825/WWF03825_model.cif
WWF03828	0.83	0.81	0.81	0.873	structures/output/WWF03828/WWF03828_model.cif
WWF03831	0.79	0.63	0.63	0.661	structures/output/WWF03831/WWF03831_model.cif
WWF03834	0.75	0.58	0.58	0.838	structures/output/WWF03834/WWF03834_model.cif
WWF03836	0.88	0.88	0.88	0.924	structures/output/WWF03836/WWF03836_model.cif
WWF03846	0.88	0.88	0.88	0.925	structures/output/WWF03846/WWF03846_model.cif
WWF03851	0.85	0.81	0.81	0.825	structures/output/WWF03851/WWF03851_model.cif
WWF03862	0.89	0.88	0.88	0.947	structures/output/WWF03862/WWF03862_model.cif
WWF03871	0.82	0.83	0.83	0.892	structures/output/WWF03871/WWF03871_model.cif
WWF03872	0.83	0.81	0.81	0.875	structures/output/WWF03872/WWF03872_model.cif
WWF03877	0.83	0.81	0.81	0.887	structures/output/WWF03877/WWF03877_model.cif
WWF03880	0.87	0.87	0.87	0.902	structures/output/WWF03880/WWF03880_model.cif
WWF03881	0.83	0.75	0.75	0.785	structures/output/WWF03881/WWF03881_model.cif
WWF03882	0.93	0.94	0.94	0.946	structures/output/WWF03882/WWF03882_model.cif
WWF03883	0.86	0.9	0.9	0.897	structures/output/WWF03883/WWF03883_model.cif
WWF03884	0.83	0.81	0.81	0.857	structures/output/WWF03884/WWF03884_model.cif
WWF03890	0.84	0.65	0.65	0.703	structures/output/WWF03890/WWF03890_model.cif
WWF03891	0.86	0.86	0.86	0.892	structures/output/WWF03891/WWF03891_model.cif
WWF03900	0.87	0.85	0.85	0.927	structures/output/WWF03900/WWF03900_model.cif
WWF03904	0.83	0.8	0.8	0.876	structures/output/WWF03904/WWF03904_model.cif
WWF03912	0.82	0.83	0.83	0.882	structures/output/WWF03912/WWF03912_model.cif
WWF03914	0.9	0.83	0.83	0.828	structures/output/WWF03914/WWF03914_model.cif
WWF03916	0.82	0.7	0.7	0.748	structures/output/WWF03916/WWF03916_model.cif
WWF03923	0.85	0.88	0.88	0.918	structures/output/WWF03923/WWF03923_model.cif
WWF03926	0.86	0.85	0.85	0.9	structures/output/WWF03926/WWF03926_model.cif
WWF03928	0.88	0.88	0.88	0.922	structures/output/WWF03928/WWF03928_model.cif
WWF03933	0.79	0.8	0.8	0.868	structures/output/WWF03933/WWF03933_model.cif
WWF03940	0.79	0.58	0.58	0.698	structures/output/WWF03940/WWF03940_model.cif
WWF03943	0.87	0.88	0.88	0.922	structures/output/WWF03943/WWF03943_model.cif
WWF03949	0.9	0.9	0.9	0.904	structures/output/WWF03949/WWF03949_model.cif
WWF03952	0.81	0.8	0.8	0.842	structures/output/WWF03952/WWF03952_model.cif
WWF03954	0.75	0.73	0.73	0.845	structures/output/WWF03954/WWF03954_model.cif
WWF03957	0.81	0.85	0.85	0.873	structures/output/WWF03957/WWF03957_model.cif
WWF03959	0.85	0.8	0.8	0.867	structures/output/WWF03959/WWF03959_model.cif
WWF03960	0.85	0.87	0.87	0.896	structures/output/WWF03960/WWF03960_model.cif
WWF03961	0.84	0.83	0.83	0.909	structures/output/WWF03961/WWF03961_model.cif
WWF03965	0.71	0.72	0.72	0.818	structures/output/WWF03965/WWF03965_model.cif
WWF03967	0.88	0.89	0.89	0.911	structures/output/WWF03967/WWF03967_model.cif
WWF03969	0.84	0.76	0.76	0.821	structures/output/WWF03969/WWF03969_model.cif
WWF03973	0.82	0.77	0.77	0.869	structures/output/WWF03973/WWF03973_model.cif
WWF03974	0.68	0.49	0.49	0.756	structures/output/WWF03974/WWF03974_model.cif
WWF03975	0.85	0.85	0.85	0.902	structures/output/WWF03975/WWF03975_model.cif
WWF03979	0.86	0.84	0.84	0.906	structures/output/WWF03979/WWF03979_model.cif
WWF03982	0.9	0.91	0.91	0.94	structures/output/WWF03982/WWF03982_model.cif
WWF03996	0.84	0.85	0.85	0.907	structures/output/WWF03996/WWF03996_model.cif
WWF03998	0.86	0.83	0.83	0.905	structures/output/WWF03998/WWF03998_model.cif
WWF04005	0.89	0.84	0.84	0.904	structures/output/WWF04005/WWF04005_model.cif
WWF04007	0.87	0.89	0.89	0.92	structures/output/WWF04007/WWF04007_model.cif
WWF04008	0.76	0.77	0.77	0.851	structures/output/WWF04008/WWF04008_model.cif
WWF04011	0.77	0.77	0.77	0.86	structures/output/WWF04011/WWF04011_model.cif
WWF04013	0.83	0.81	0.81	0.894	structures/output/WWF04013/WWF04013_model.cif
WWF04016	0.78	0.75	0.75	0.805	structures/output/WWF04016/WWF04016_model.cif
WWF04018	0.83	0.86	0.86	0.909	structures/output/WWF04018/WWF04018_model.cif
WWF04021	0.87	0.84	0.84	0.913	structures/output/WWF04021/WWF04021_model.cif
WWF04025	0.85	0.85	0.85	0.894	structures/output/WWF04025/WWF04025_model.cif
WWF04027	0.85	0.6	0.6	0.653	structures/output/WWF04027/WWF04027_model.cif
WWF04032	0.8	0.85	0.85	0.897	structures/output/WWF04032/WWF04032_model.cif
WWF04034	0.85	0.85	0.85	0.904	structures/output/WWF04034/WWF04034_model.cif
WWF04036	0.8	0.81	0.81	0.855	structures/output/WWF04036/WWF04036_model.cif
WWF04038	0.91	0.91	0.91	0.927	structures/output/WWF04038/WWF04038_model.cif
WWF04047	0.74	0.55	0.55	0.73	structures/output/WWF04047/WWF04047_model.cif
WWF04048	0.8	0.64	0.64	0.687	structures/output/WWF04048/WWF04048_model.cif
WWF04052	0.86	0.78	0.78	0.881	structures/output/WWF04052/WWF04052_model.cif
WWF04059	0.88	0.92	0.92	0.918	structures/output/WWF04059/WWF04059_model.cif
WWF04062	0.81	0.81	0.81	0.885	structures/output/WWF04062/WWF04062_model.cif
WWF04065	0.82	0.82	0.82	0.904	structures/output/WWF04065/WWF04065_model.cif
WWF04069	0.8	0.77	0.77	0.829	structures/output/WWF04069/WWF04069_model.cif
WWF04082	0.77	0.72	0.72	0.777	structures/output/WWF04082/WWF04082_model.cif
WWF04083	0.85	0.82	0.82	0.895	structures/output/WWF04083/WWF04083_model.cif
WWF04085	0.79	0.76	0.76	0.832	structures/output/WWF04085/WWF04085_model.cif
WWF04088	0.85	0.69	0.69	0.73	structures/output/WWF04088/WWF04088_model.cif
WWF04089	0.88	0.87	0.87	0.917	structures/output/WWF04089/WWF04089_model.cif
WWF04093	0.83	0.81	0.81	0.886	structures/output/WWF04093/WWF04093_model.cif
WWF04095	0.83	0.82	0.82	0.898	structures/output/WWF04095/WWF04095_model.cif
WWF04096	0.77	0.64	0.64	0.802	structures/output/WWF04096/WWF04096_model.cif
WWF04097	0.79	0.78	0.78	0.855	structures/output/WWF04097/WWF04097_model.cif
WWF04100	0.83	0.77	0.77	0.868	structures/output/WWF04100/WWF04100_model.cif
WWF04103	0.87	0.87	0.87	0.916	structures/output/WWF04103/WWF04103_model.cif
WWF04105	0.82	0.82	0.82	0.913	structures/output/WWF04105/WWF04105_model.cif
WWF04108	0.83	0.83	0.83	0.904	structures/output/WWF04108/WWF04108_model.cif
WWF04134	0.84	0.79	0.79	0.836	structures/output/WWF04134/WWF04134_model.cif
WWF04140	0.9	0.89	0.89	0.913	structures/output/WWF04140/WWF04140_model.cif
WWF04143	0.85	0.85	0.85	0.901	structures/output/WWF04143/WWF04143_model.cif
WWF04150	0.85	0.85	0.85	0.913	structures/output/WWF04150/WWF04150_model.cif
WWF04152	0.78	0.77	0.77	0.838	structures/output/WWF04152/WWF04152_model.cif
WWF04153	0.84	0.82	0.82	0.903	structures/output/WWF04153/WWF04153_model.cif
WWF04165	0.84	0.69	0.69	0.743	structures/output/WWF04165/WWF04165_model.cif
WWF04168	0.84	0.87	0.87	0.918	structures/output/WWF04168/WWF04168_model.cif
WWF04173	0.85	0.85	0.85	0.923	structures/output/WWF04173/WWF04173_model.cif
WWF04178	0.8	0.82	0.82	0.883	structures/output/WWF04178/WWF04178_model.cif
WWF04182	0.86	0.84	0.84	0.879	structures/output/WWF04182/WWF04182_model.cif
WWF04186	0.88	0.86	0.86	0.901	structures/output/WWF04186/WWF04186_model.cif
WWF04189	0.81	0.84	0.84	0.895	structures/output/WWF04189/WWF04189_model.cif
WWF04193	0.87	0.83	0.83	0.911	structures/output/WWF04193/WWF04193_model.cif
WWF04195	0.93	0.85	0.85	0.852	structures/output/WWF04195/WWF04195_model.cif
WWF04198	0.81	0.72	0.72	0.804	structures/output/WWF04198/WWF04198_model.cif
WWF04203	0.74	0.61	0.61	0.738	structures/output/WWF04203/WWF04203_model.cif
WWF04206	0.84	0.81	0.81	0.89	structures/output/WWF04206/WWF04206_model.cif
WWF04207	0.83	0.86	0.86	0.891	structures/output/WWF04207/WWF04207_model.cif
WWF04209	0.81	0.82	0.82	0.906	structures/output/WWF04209/WWF04209_model.cif
WWF04212	0.85	0.86	0.86	0.911	structures/output/WWF04212/WWF04212_model.cif
WWF04213	0.77	0.78	0.78	0.898	structures/output/WWF04213/WWF04213_model.cif
WWF04218	0.83	0.86	0.86	0.891	structures/output/WWF04218/WWF04218_model.cif
WWF04223	0.88	0.87	0.87	0.934	structures/output/WWF04223/WWF04223_model.cif
WWF04224	0.83	0.81	0.81	0.861	structures/output/WWF04224/WWF04224_model.cif
WWF04227	0.87	0.85	0.85	0.912	structures/output/WWF04227/WWF04227_model.cif
WWF04229	0.9	0.94	0.94	0.952	structures/output/WWF04229/WWF04229_model.cif
WWF04230	0.81	0.77	0.77	0.852	structures/output/WWF04230/WWF04230_model.cif
WWF04238	0.88	0.87	0.87	0.917	structures/output/WWF04238/WWF04238_model.cif
WWF04242	0.87	0.86	0.86	0.916	structures/output/WWF04242/WWF04242_model.cif
WWF04247	0.88	0.88	0.88	0.928	structures/output/WWF04247/WWF04247_model.cif
WWF04249	0.85	0.84	0.84	0.908	structures/output/WWF04249/WWF04249_model.cif
WWF04250	0.76	0.71	0.71	0.816	structures/output/WWF04250/WWF04250_model.cif
WWF04255	0.8	0.48	0.48	0.541	structures/output/WWF04255/WWF04255_model.cif
WWF04258	0.89	0.84	0.84	0.862	structures/output/WWF04258/WWF04258_model.cif
WWF04268	0.95	0.95	0.95	0.948	structures/output/WWF04268/WWF04268_model.cif
WWF04270	0.78	0.77	0.77	0.882	structures/output/WWF04270/WWF04270_model.cif
WWF04274	0.9	0.92	0.92	0.946	structures/output/WWF04274/WWF04274_model.cif
WWF04279	0.84	0.83	0.83	0.894	structures/output/WWF04279/WWF04279_model.cif
WWF04281	0.8	0.8	0.8	0.894	structures/output/WWF04281/WWF04281_model.cif
WWF04294	0.8	0.8	0.8	0.846	structures/output/WWF04294/WWF04294_model.cif
WWF04302	0.78	0.63	0.63	0.861	structures/output/WWF04302/WWF04302_model.cif
WWF04313	0.84	0.79	0.79	0.809	structures/output/WWF04313/WWF04313_model.cif
WWF04316	0.79	0.47	0.47	0.723	structures/output/WWF04316/WWF04316_model.cif
WWF04319	0.89	0.9	0.9	0.94	structures/output/WWF04319/WWF04319_model.cif
WWF04321	0.87	0.86	0.86	0.904	structures/output/WWF04321/WWF04321_model.cif
WWF04325	0.9	0.89	0.89	0.902	structures/output/WWF04325/WWF04325_model.cif
WWF04327	0.68	0.58	0.58	0.737	structures/output/WWF04327/WWF04327_model.cif
WWF04337	0.93	0.91	0.91	0.908	structures/output/WWF04337/WWF04337_model.cif
WWF04345	0.8	0.79	0.79	0.835	structures/output/WWF04345/WWF04345_model.cif
WWF04347	0.8	0.8	0.8	0.844	structures/output/WWF04347/WWF04347_model.cif
WWF04348	0.8	0.52	0.52	0.544	structures/output/WWF04348/WWF04348_model.cif
WWF04351	0.85	0.81	0.81	0.85	structures/output/WWF04351/WWF04351_model.cif
WWF04357	0.86	0.88	0.88	0.883	structures/output/WWF04357/WWF04357_model.cif
WWF04358	0.87	0.88	0.88	0.928	structures/output/WWF04358/WWF04358_model.cif
WWF04360	0.87	0.85	0.85	0.911	structures/output/WWF04360/WWF04360_model.cif
WWF04361	0.8	0.77	0.77	0.826	structures/output/WWF04361/WWF04361_model.cif
WWF04363	0.83	0.87	0.87	0.896	structures/output/WWF04363/WWF04363_model.cif
WWF04364	0.68	0.56	0.56	0.677	structures/output/WWF04364/WWF04364_model.cif
WWF04367	0.85	0.88	0.88	0.918	structures/output/WWF04367/WWF04367_model.cif
WWF04375	0.76	0.65	0.65	0.77	structures/output/WWF04375/WWF04375_model.cif
WWF04383	0.86	0.85	0.85	0.915	structures/output/WWF04383/WWF04383_model.cif
WWF04387	0.79	0.69	0.69	0.789	structures/output/WWF04387/WWF04387_model.cif
WWF04388	0.91	0.85	0.85	0.903	structures/output/WWF04388/WWF04388_model.cif
WWF04393	0.87	0.87	0.87	0.915	structures/output/WWF04393/WWF04393_model.cif
WWF04397	0.75	0.72	0.72	0.857	structures/output/WWF04397/WWF04397_model.cif
WWF04400	0.83	0.84	0.84	0.89	structures/output/WWF04400/WWF04400_model.cif
WWF04416	0.84	0.84	0.84	0.925	structures/output/WWF04416/WWF04416_model.cif
WWF04420	0.82	0.7	0.7	0.795	structures/output/WWF04420/WWF04420_model.cif
WWF04422	0.93	0.94	0.94	0.951	structures/output/WWF04422/WWF04422_model.cif
WWF04436	0.9	0.86	0.86	0.902	structures/output/WWF04436/WWF04436_model.cif
WWF04441	0.72	0.51	0.51	0.621	structures/output/WWF04441/WWF04441_model.cif
WWF04442	0.83	0.87	0.87	0.902	structures/output/WWF04442/WWF04442_model.cif
WWF04448	0.81	0.78	0.78	0.85	structures/output/WWF04448/WWF04448_model.cif
WWF04452	0.77	0.54	0.54	0.614	structures/output/WWF04452/WWF04452_model.cif
WWF04455	0.95	0.97	0.97	0.967	structures/output/WWF04455/WWF04455_model.cif
WWF04469	0.83	0.84	0.84	0.888	structures/output/WWF04469/WWF04469_model.cif
WWF04472	0.68	0.49	0.49	0.653	structures/output/WWF04472/WWF04472_model.cif
WWF04483	0.85	0.83	0.83	0.882	structures/output/WWF04483/WWF04483_model.cif
WWF04484	0.8	0.83	0.83	0.9	structures/output/WWF04484/WWF04484_model.cif
WWF04492	0.89	0.76	0.76	0.765	structures/output/WWF04492/WWF04492_model.cif
WWF04494	0.81	0.7	0.7	0.837	structures/output/WWF04494/WWF04494_model.cif
WWF04495	0.79	0.75	0.75	0.833	structures/output/WWF04495/WWF04495_model.cif
WWF04501	0.91	0.9	0.9	0.938	structures/output/WWF04501/WWF04501_model.cif
WWF04504	0.92	0.94	0.94	0.947	structures/output/WWF04504/WWF04504_model.cif
WWF04509	0.82	0.73	0.73	0.779	structures/output/WWF04509/WWF04509_model.cif
WWF04513	0.72	0.56	0.56	0.723	structures/output/WWF04513/WWF04513_model.cif
WWF04514	0.83	0.82	0.82	0.877	structures/output/WWF04514/WWF04514_model.cif
WWF04515	0.93	0.93	0.93	0.931	structures/output/WWF04515/WWF04515_model.cif
WWF04516	0.84	0.81	0.81	0.866	structures/output/WWF04516/WWF04516_model.cif
WWF04520	0.88	0.88	0.88	0.932	structures/output/WWF04520/WWF04520_model.cif
WWF04526	0.89	0.84	0.84	0.892	structures/output/WWF04526/WWF04526_model.cif
WWF04530	0.81	0.81	0.81	0.884	structures/output/WWF04530/WWF04530_model.cif
WWF04533	0.81	0.84	0.84	0.905	structures/output/WWF04533/WWF04533_model.cif
WWF04535	0.9	0.9	0.9	0.938	structures/output/WWF04535/WWF04535_model.cif
WWF04536	0.89	0.88	0.88	0.922	structures/output/WWF04536/WWF04536_model.cif
WWF04538	0.85	0.84	0.84	0.895	structures/output/WWF04538/WWF04538_model.cif
WWF04539	0.88	0.88	0.88	0.935	structures/output/WWF04539/WWF04539_model.cif
WWF04542	0.8	0.82	0.82	0.86	structures/output/WWF04542/WWF04542_model.cif
WWF04543	0.8	0.76	0.76	0.851	structures/output/WWF04543/WWF04543_model.cif
WWF04545	0.86	0.85	0.85	0.92	structures/output/WWF04545/WWF04545_model.cif
WWF04548	0.86	0.82	0.82	0.854	structures/output/WWF04548/WWF04548_model.cif
WWF04549	0.79	0.77	0.77	0.843	structures/output/WWF04549/WWF04549_model.cif
WWF04556	0.85	0.84	0.84	0.895	structures/output/WWF04556/WWF04556_model.cif
WWF04559	0.81	0.8	0.8	0.889	structures/output/WWF04559/WWF04559_model.cif
WWF04562	0.84	0.77	0.77	0.858	structures/output/WWF04562/WWF04562_model.cif
WWF04563	0.84	0.85	0.85	0.921	structures/output/WWF04563/WWF04563_model.cif
WWF04564	0.9	0.88	0.88	0.922	structures/output/WWF04564/WWF04564_model.cif
WWF04565	0.85	0.85	0.85	0.878	structures/output/WWF04565/WWF04565_model.cif
WWF04568	0.88	0.86	0.86	0.907	structures/output/WWF04568/WWF04568_model.cif
WWF04569	0.8	0.77	0.77	0.799	structures/output/WWF04569/WWF04569_model.cif
WWF04570	0.88	0.83	0.83	0.87	structures/output/WWF04570/WWF04570_model.cif
WWF04572	0.83	0.86	0.86	0.861	structures/output/WWF04572/WWF04572_model.cif
WWF04579	0.83	0.82	0.82	0.894	structures/output/WWF04579/WWF04579_model.cif
WWF04581	0.87	0.76	0.76	0.808	structures/output/WWF04581/WWF04581_model.cif
WWF04582	0.79	0.81	0.81	0.866	structures/output/WWF04582/WWF04582_model.cif
WWF04588	0.79	0.74	0.74	0.812	structures/output/WWF04588/WWF04588_model.cif
WWF04590	0.81	0.68	0.68	0.822	structures/output/WWF04590/WWF04590_model.cif
WWF04592	0.79	0.82	0.82	0.89	structures/output/WWF04592/WWF04592_model.cif
WWF04593	0.74	0.77	0.77	0.842	structures/output/WWF04593/WWF04593_model.cif
WWF04600	0.75	0.49	0.49	0.591	structures/output/WWF04600/WWF04600_model.cif
WWF04607	0.9	0.89	0.89	0.937	structures/output/WWF04607/WWF04607_model.cif
WWF04608	0.77	0.48	0.48	0.526	structures/output/WWF04608/WWF04608_model.cif
WWF04610	0.81	0.8	0.8	0.876	structures/output/WWF04610/WWF04610_model.cif
WWF04611	0.89	0.86	0.86	0.907	structures/output/WWF04611/WWF04611_model.cif
WWF04612	0.72	0.7	0.7	0.858	structures/output/WWF04612/WWF04612_model.cif
WWF04615	0.87	0.87	0.87	0.926	structures/output/WWF04615/WWF04615_model.cif
WWF04616	0.83	0.84	0.84	0.912	structures/output/WWF04616/WWF04616_model.cif
WWF04618	0.88	0.83	0.83	0.905	structures/output/WWF04618/WWF04618_model.cif
WWF04619	0.81	0.83	0.83	0.883	structures/output/WWF04619/WWF04619_model.cif
WWF04638	0.91	0.91	0.91	0.937	structures/output/WWF04638/WWF04638_model.cif
WWF04639	0.8	0.67	0.67	0.744	structures/output/WWF04639/WWF04639_model.cif
WWF04649	0.86	0.77	0.77	0.851	structures/output/WWF04649/WWF04649_model.cif
WWF04650	0.8	0.66	0.66	0.74	structures/output/WWF04650/WWF04650_model.cif
WWF04652	0.81	0.72	0.72	0.779	structures/output/WWF04652/WWF04652_model.cif
WWF04661	0.86	0.86	0.86	0.895	structures/output/WWF04661/WWF04661_model.cif
WWF04681	0.92	0.92	0.92	0.945	structures/output/WWF04681/WWF04681_model.cif
WWF04686	0.96	0.96	0.96	0.961	structures/output/WWF04686/WWF04686_model.cif
WWF04689	0.88	0.91	0.91	0.93	structures/output/WWF04689/WWF04689_model.cif
WWF04692	0.78	0.77	0.77	0.823	structures/output/WWF04692/WWF04692_model.cif
WWF04693	0.89	0.92	0.92	0.941	structures/output/WWF04693/WWF04693_model.cif
WWF04694	0.81	0.7	0.7	0.769	structures/output/WWF04694/WWF04694_model.cif
WWF04699	0.72	0.75	0.75	0.823	structures/output/WWF04699/WWF04699_model.cif
WWF04700	0.81	0.81	0.81	0.898	structures/output/WWF04700/WWF04700_model.cif
WWF04704	0.73	0.7	0.7	0.798	structures/output/WWF04704/WWF04704_model.cif
WWF04710	0.84	0.74	0.74	0.8	structures/output/WWF04710/WWF04710_model.cif
WWF04714	0.77	0.77	0.77	0.816	structures/output/WWF04714/WWF04714_model.cif
WWF04718	0.82	0.82	0.82	0.892	structures/output/WWF04718/WWF04718_model.cif
WWF04719	0.79	0.52	0.52	0.738	structures/output/WWF04719/WWF04719_model.cif
WWF04720	0.82	0.75	0.75	0.819	structures/output/WWF04720/WWF04720_model.cif
WWF04722	0.86	0.87	0.87	0.914	structures/output/WWF04722/WWF04722_model.cif
WWF04727	0.83	0.79	0.79	0.819	structures/output/WWF04727/WWF04727_model.cif
WWF04729	0.82	0.81	0.81	0.87	structures/output/WWF04729/WWF04729_model.cif
WWF04730	0.76	0.65	0.65	0.782	structures/output/WWF04730/WWF04730_model.cif
WWF04732	0.74	0.59	0.59	0.676	structures/output/WWF04732/WWF04732_model.cif
WWF04736	0.78	0.78	0.78	0.867	structures/output/WWF04736/WWF04736_model.cif
WWF04739	0.85	0.84	0.84	0.904	structures/output/WWF04739/WWF04739_model.cif
WWF04742	0.71	0.67	0.67	0.746	structures/output/WWF04742/WWF04742_model.cif
WWF04744	0.87	0.86	0.86	0.915	structures/output/WWF04744/WWF04744_model.cif
WWF04745	0.89	0.88	0.88	0.929	structures/output/WWF04745/WWF04745_model.cif
WWF04752	0.79	0.7	0.7	0.877	structures/output/WWF04752/WWF04752_model.cif
WWF04758	0.75	0.64	0.64	0.68	structures/output/WWF04758/WWF04758_model.cif
WWF04774	0.88	0.91	0.91	0.948	structures/output/WWF04774/WWF04774_model.cif
WWF04777	0.87	0.85	0.85	0.903	structures/output/WWF04777/WWF04777_model.cif
WWF04781	0.8	0.73	0.73	0.811	structures/output/WWF04781/WWF04781_model.cif
WWF04782	0.9	0.9	0.9	0.948	structures/output/WWF04782/WWF04782_model.cif
WWF04790	0.86	0.84	0.84	0.889	structures/output/WWF04790/WWF04790_model.cif
WWF04800	0.87	0.86	0.86	0.911	structures/output/WWF04800/WWF04800_model.cif
WWF04808	0.86	0.87	0.87	0.923	structures/output/WWF04808/WWF04808_model.cif
WWF04814	0.85	0.89	0.89	0.921	structures/output/WWF04814/WWF04814_model.cif
WWF04815	0.84	0.88	0.88	0.925	structures/output/WWF04815/WWF04815_model.cif
WWF04818	0.86	0.84	0.84	0.905	structures/output/WWF04818/WWF04818_model.cif
WWF04823	0.87	0.86	0.86	0.923	structures/output/WWF04823/WWF04823_model.cif
WWF04824	0.87	0.87	0.87	0.921	structures/output/WWF04824/WWF04824_model.cif
WWF04828	0.72	0.69	0.69	0.764	structures/output/WWF04828/WWF04828_model.cif
WWF04829	0.81	0.81	0.81	0.883	structures/output/WWF04829/WWF04829_model.cif
WWF04832	0.67	0.69	0.69	0.808	structures/output/WWF04832/WWF04832_model.cif
WWF04847	0.86	0.85	0.85	0.913	structures/output/WWF04847/WWF04847_model.cif
WWF04848	0.91	0.9	0.9	0.928	structures/output/WWF04848/WWF04848_model.cif
WWF04852	0.83	0.82	0.82	0.871	structures/output/WWF04852/WWF04852_model.cif
WWF04856	0.87	0.82	0.82	0.887	structures/output/WWF04856/WWF04856_model.cif
WWF04857	0.84	0.71	0.71	0.737	structures/output/WWF04857/WWF04857_model.cif
WWF04860	0.75	0.67	0.67	0.798	structures/output/WWF04860/WWF04860_model.cif
WWF04862	0.88	0.87	0.87	0.927	structures/output/WWF04862/WWF04862_model.cif
WWF04869	0.74	0.7	0.7	0.859	structures/output/WWF04869/WWF04869_model.cif
WWF04870	0.84	0.84	0.84	0.909	structures/output/WWF04870/WWF04870_model.cif
WWF04874	0.84	0.68	0.68	0.702	structures/output/WWF04874/WWF04874_model.cif
WWF04879	0.86	0.86	0.86	0.91	structures/output/WWF04879/WWF04879_model.cif
WWF04885	0.79	0.82	0.82	0.872	structures/output/WWF04885/WWF04885_model.cif
WWF04902	0.86	0.82	0.82	0.869	structures/output/WWF04902/WWF04902_model.cif
WWF04904	0.9	0.91	0.91	0.931	structures/output/WWF04904/WWF04904_model.cif
WWF04906	0.75	0.76	0.76	0.853	structures/output/WWF04906/WWF04906_model.cif
WWF04910	0.77	0.8	0.8	0.879	structures/output/WWF04910/WWF04910_model.cif
WWF04943	0.87	0.85	0.85	0.886	structures/output/WWF04943/WWF04943_model.cif
WWF04980	0.82	0.78	0.78	0.831	structures/output/WWF04980/WWF04980_model.cif
WWF04982	0.85	0.84	0.84	0.869	structures/output/WWF04982/WWF04982_model.cif
WWF04985	0.87	0.88	0.88	0.925	structures/output/WWF04985/WWF04985_model.cif
WWF04986	0.82	0.8	0.8	0.893	structures/output/WWF04986/WWF04986_model.cif
WWF04988	0.87	0.86	0.86	0.915	structures/output/WWF04988/WWF04988_model.cif
WWF04989	0.85	0.85	0.85	0.931	structures/output/WWF04989/WWF04989_model.cif
WWF04993	0.76	0.66	0.66	0.765	structures/output/WWF04993/WWF04993_model.cif
WWF04995	0.84	0.85	0.85	0.918	structures/output/WWF04995/WWF04995_model.cif
WWF05000	0.72	0.69	0.69	0.783	structures/output/WWF05000/WWF05000_model.cif
WWF05006	0.8	0.71	0.71	0.887	structures/output/WWF05006/WWF05006_model.cif
WWF05009	0.81	0.78	0.78	0.825	structures/output/WWF05009/WWF05009_model.cif
WWF05010	0.82	0.76	0.76	0.778	structures/output/WWF05010/WWF05010_model.cif
WWF05013	0.84	0.86	0.86	0.902	structures/output/WWF05013/WWF05013_model.cif
WWF05015	0.76	0.77	0.77	0.84	structures/output/WWF05015/WWF05015_model.cif
WWF05023	0.78	0.82	0.82	0.893	structures/output/WWF05023/WWF05023_model.cif
WWF05025	0.86	0.88	0.88	0.902	structures/output/WWF05025/WWF05025_model.cif
WWF05035	0.92	0.92	0.92	0.94	structures/output/WWF05035/WWF05035_model.cif
WWF05038	0.77	0.63	0.63	0.797	structures/output/WWF05038/WWF05038_model.cif
WWF05040	0.85	0.88	0.88	0.925	structures/output/WWF05040/WWF05040_model.cif
WWF05041	0.69	0.53	0.53	0.584	structures/output/WWF05041/WWF05041_model.cif
WWF05045	0.88	0.86	0.86	0.931	structures/output/WWF05045/WWF05045_model.cif
WWF05072	0.7	0.7	0.7	0.78	structures/output/WWF05072/WWF05072_model.cif
WWF05111	0.82	0.84	0.84	0.904	structures/output/WWF05111/WWF05111_model.cif
WWF05123	0.83	0.84	0.84	0.852	structures/output/WWF05123/WWF05123_model.cif
WWF05125	0.83	0.83	0.83	0.902	structures/output/WWF05125/WWF05125_model.cif
WWF05137	0.83	0.84	0.84	0.896	structures/output/WWF05137/WWF05137_model.cif
WWF05144	0.86	0.87	0.87	0.907	structures/output/WWF05144/WWF05144_model.cif
WWF05148	0.85	0.86	0.86	0.924	structures/output/WWF05148/WWF05148_model.cif
WWF05150	0.91	0.89	0.89	0.914	structures/output/WWF05150/WWF05150_model.cif
WWF05154	0.8	0.81	0.81	0.897	structures/output/WWF05154/WWF05154_model.cif
WWF05158	0.86	0.83	0.83	0.906	structures/output/WWF05158/WWF05158_model.cif
WWF05162	0.86	0.83	0.83	0.884	structures/output/WWF05162/WWF05162_model.cif
WWF05163	0.8	0.8	0.8	0.812	structures/output/WWF05163/WWF05163_model.cif
WWF05171	0.8	0.83	0.83	0.881	structures/output/WWF05171/WWF05171_model.cif
WWF05175	0.84	0.8	0.8	0.84	structures/output/WWF05175/WWF05175_model.cif
WWF05185	0.85	0.86	0.86	0.905	structures/output/WWF05185/WWF05185_model.cif
WWF05188	0.84	0.78	0.78	0.801	structures/output/WWF05188/WWF05188_model.cif
WWF05192	0.67	0.65	0.65	0.767	structures/output/WWF05192/WWF05192_model.cif
WWF05197	0.82	0.76	0.76	0.761	structures/output/WWF05197/WWF05197_model.cif
WWF05198	0.89	0.9	0.9	0.938	structures/output/WWF05198/WWF05198_model.cif
WWF05199	0.8	0.81	0.81	0.877	structures/output/WWF05199/WWF05199_model.cif
WWF05201	0.86	0.85	0.85	0.907	structures/output/WWF05201/WWF05201_model.cif
WWF05209	0.87	0.87	0.87	0.929	structures/output/WWF05209/WWF05209_model.cif
WWF05214	0.85	0.83	0.83	0.918	structures/output/WWF05214/WWF05214_model.cif
WWF05223	0.69	0.57	0.57	0.712	structures/output/WWF05223/WWF05223_model.cif
WWF05226	0.77	0.58	0.58	0.693	structures/output/WWF05226/WWF05226_model.cif
WWF05228	0.74	0.67	0.67	0.731	structures/output/WWF05228/WWF05228_model.cif
WWF05236	0.69	0.55	0.55	0.708	structures/output/WWF05236/WWF05236_model.cif
WWF05237	0.83	0.7	0.7	0.72	structures/output/WWF05237/WWF05237_model.cif
WWF05249	0.83	0.83	0.83	0.897	structures/output/WWF05249/WWF05249_model.cif
WWF05273	0.88	0.87	0.87	0.915	structures/output/WWF05273/WWF05273_model.cif
WWF05278	0.89	0.93	0.93	0.928	structures/output/WWF05278/WWF05278_model.cif
WWF05286	0.76	0.68	0.68	0.815	structures/output/WWF05286/WWF05286_model.cif
WWF05312	0.91	0.91	0.91	0.908	structures/output/WWF05312/WWF05312_model.cif
WWF05316	0.86	0.84	0.84	0.877	structures/output/WWF05316/WWF05316_model.cif
WWF05323	0.85	0.84	0.84	0.909	structures/output/WWF05323/WWF05323_model.cif
WWF05326	0.88	0.88	0.88	0.929	structures/output/WWF05326/WWF05326_model.cif
WWF05332	0.88	0.89	0.89	0.919	structures/output/WWF05332/WWF05332_model.cif
WWF05333	0.78	0.71	0.71	0.811	structures/output/WWF05333/WWF05333_model.cif
WWF05343	0.89	0.91	0.91	0.94	structures/output/WWF05343/WWF05343_model.cif
WWF05344	0.81	0.61	0.61	0.709	structures/output/WWF05344/WWF05344_model.cif
WWF05355	0.83	0.79	0.79	0.867	structures/output/WWF05355/WWF05355_model.cif
WWF05356	0.9	0.89	0.89	0.92	structures/output/WWF05356/WWF05356_model.cif
WWF05380	0.79	0.81	0.81	0.861	structures/output/WWF05380/WWF05380_model.cif
WWF05394	0.8	0.79	0.79	0.866	structures/output/WWF05394/WWF05394_model.cif
WWF05397	0.89	0.87	0.87	0.907	structures/output/WWF05397/WWF05397_model.cif
WWF05398	0.76	0.8	0.8	0.823	structures/output/WWF05398/WWF05398_model.cif
WWF05400	0.92	0.92	0.92	0.934	structures/output/WWF05400/WWF05400_model.cif
WWF05423	0.89	0.87	0.87	0.913	structures/output/WWF05423/WWF05423_model.cif
WWF05430	0.85	0.87	0.87	0.931	structures/output/WWF05430/WWF05430_model.cif
WWF05440	0.86	0.84	0.84	0.9	structures/output/WWF05440/WWF05440_model.cif
WWF05441	0.78	0.78	0.78	0.857	structures/output/WWF05441/WWF05441_model.cif
WWF05479	0.9	0.91	0.91	0.907	structures/output/WWF05479/WWF05479_model.cif
WWF05481	0.76	0.75	0.75	0.815	structures/output/WWF05481/WWF05481_model.cif
WWF05493	0.86	0.81	0.81	0.882	structures/output/WWF05493/WWF05493_model.cif
WWF05501	0.54	0.51	0.51	0.629	structures/output/WWF05501/WWF05501_model.cif
WWF05502	0.82	0.81	0.81	0.867	structures/output/WWF05502/WWF05502_model.cif
WWF05519	0.78	0.77	0.77	0.833	structures/output/WWF05519/WWF05519_model.cif
WWF05520	0.84	0.8	0.8	0.861	structures/output/WWF05520/WWF05520_model.cif
WWF05524	0.73	0.63	0.63	0.724	structures/output/WWF05524/WWF05524_model.cif
WWF05528	0.78	0.8	0.8	0.852	structures/output/WWF05528/WWF05528_model.cif
WWF05536	0.81	0.76	0.76	0.828	structures/output/WWF05536/WWF05536_model.cif
WWF05545	0.79	0.61	0.61	0.671	structures/output/WWF05545/WWF05545_model.cif
WWF05549	0.79	0.81	0.81	0.873	structures/output/WWF05549/WWF05549_model.cif
WWF05550	0.92	0.94	0.94	0.939	structures/output/WWF05550/WWF05550_model.cif
WWF05551	0.85	0.82	0.82	0.889	structures/output/WWF05551/WWF05551_model.cif
WWF05552	0.88	0.87	0.87	0.915	structures/output/WWF05552/WWF05552_model.cif
WWF05553	0.87	0.85	0.85	0.888	structures/output/WWF05553/WWF05553_model.cif
WWF05555	0.87	0.88	0.88	0.898	structures/output/WWF05555/WWF05555_model.cif
WWF05560	0.83	0.76	0.76	0.755	structures/output/WWF05560/WWF05560_model.cif
WWF05565	0.85	0.87	0.87	0.923	structures/output/WWF05565/WWF05565_model.cif
WWF05566	0.86	0.86	0.86	0.896	structures/output/WWF05566/WWF05566_model.cif
WWF05567	0.87	0.84	0.84	0.924	structures/output/WWF05567/WWF05567_model.cif
WWF05568	0.91	0.94	0.94	0.942	structures/output/WWF05568/WWF05568_model.cif
WWF05569	0.85	0.83	0.83	0.912	structures/output/WWF05569/WWF05569_model.cif
WWF05572	0.86	0.84	0.84	0.904	structures/output/WWF05572/WWF05572_model.cif
WWF05574	0.88	0.87	0.87	0.922	structures/output/WWF05574/WWF05574_model.cif
WWF05584	0.82	0.67	0.67	0.695	structures/output/WWF05584/WWF05584_model.cif
WWF05586	0.84	0.84	0.84	0.907	structures/output/WWF05586/WWF05586_model.cif
WWF05589	0.88	0.87	0.87	0.873	structures/output/WWF05589/WWF05589_model.cif
WWF05608	0.87	0.83	0.83	0.829	structures/output/WWF05608/WWF05608_model.cif
WWF05613	0.81	0.82	0.82	0.886	structures/output/WWF05613/WWF05613_model.cif
WWF05615	0.84	0.8	0.8	0.817	structures/output/WWF05615/WWF05615_model.cif
WWF05622	0.78	0.68	0.68	0.687	structures/output/WWF05622/WWF05622_model.cif
WWF05623	0.74	0.76	0.76	0.842	structures/output/WWF05623/WWF05623_model.cif
WWF05624	0.88	0.87	0.87	0.939	structures/output/WWF05624/WWF05624_model.cif
WWF05625	0.87	0.86	0.86	0.857	structures/output/WWF05625/WWF05625_model.cif
WWF05628	0.81	0.76	0.76	0.844	structures/output/WWF05628/WWF05628_model.cif
WWF05630	0.88	0.89	0.89	0.91	structures/output/WWF05630/WWF05630_model.cif
WWF05637	0.8	0.82	0.82	0.898	structures/output/WWF05637/WWF05637_model.cif
WWF05642	0.85	0.84	0.84	0.897	structures/output/WWF05642/WWF05642_model.cif
WWF05644	0.79	0.72	0.72	0.781	structures/output/WWF05644/WWF05644_model.cif
WWF05647	0.84	0.85	0.85	0.91	structures/output/WWF05647/WWF05647_model.cif
WWF05657	0.81	0.67	0.67	0.809	structures/output/WWF05657/WWF05657_model.cif
WWF05659	0.85	0.86	0.86	0.904	structures/output/WWF05659/WWF05659_model.cif
WWF05661	0.86	0.85	0.85	0.879	structures/output/WWF05661/WWF05661_model.cif
WWF05665	0.87	0.89	0.89	0.91	structures/output/WWF05665/WWF05665_model.cif
WWF05667	0.83	0.85	0.85	0.889	structures/output/WWF05667/WWF05667_model.cif
WWF05668	0.83	0.69	0.69	0.706	structures/output/WWF05668/WWF05668_model.cif
WWF05669	0.8	0.81	0.81	0.885	structures/output/WWF05669/WWF05669_model.cif
WWF05672	0.76	0.78	0.78	0.862	structures/output/WWF05672/WWF05672_model.cif
WWF05676	0.78	0.76	0.76	0.832	structures/output/WWF05676/WWF05676_model.cif
WWF05679	0.89	0.91	0.91	0.915	structures/output/WWF05679/WWF05679_model.cif
WWF05684	0.81	0.81	0.81	0.915	structures/output/WWF05684/WWF05684_model.cif
WWF05685	0.81	0.64	0.64	0.67	structures/output/WWF05685/WWF05685_model.cif
WWF05697	0.76	0.77	0.77	0.846	structures/output/WWF05697/WWF05697_model.cif
WWF05702	0.81	0.77	0.77	0.837	structures/output/WWF05702/WWF05702_model.cif
WWF05703	0.9	0.88	0.88	0.931	structures/output/WWF05703/WWF05703_model.cif
WWF05704	0.85	0.84	0.84	0.905	structures/output/WWF05704/WWF05704_model.cif
WWF05708	0.87	0.85	0.85	0.855	structures/output/WWF05708/WWF05708_model.cif
WWF05712	0.83	0.82	0.82	0.915	structures/output/WWF05712/WWF05712_model.cif
WWF05714	0.82	0.8	0.8	0.887	structures/output/WWF05714/WWF05714_model.cif
WWF05715	0.92	0.93	0.93	0.939	structures/output/WWF05715/WWF05715_model.cif
WWF05718	0.83	0.9	0.9	0.904	structures/output/WWF05718/WWF05718_model.cif
WWF05720	0.84	0.8	0.8	0.86	structures/output/WWF05720/WWF05720_model.cif
WWF05726	0.81	0.81	0.81	0.868	structures/output/WWF05726/WWF05726_model.cif
WWF05738	0.65	0.51	0.51	0.692	structures/output/WWF05738/WWF05738_model.cif
WWF05745	0.82	0.83	0.83	0.9	structures/output/WWF05745/WWF05745_model.cif
WWF05747	0.78	0.79	0.79	0.905	structures/output/WWF05747/WWF05747_model.cif
WWF05751	0.85	0.83	0.83	0.895	structures/output/WWF05751/WWF05751_model.cif
WWF05755	0.82	0.83	0.83	0.881	structures/output/WWF05755/WWF05755_model.cif
WWF05756	0.77	0.78	0.78	0.855	structures/output/WWF05756/WWF05756_model.cif
WWF05760	0.79	0.72	0.72	0.793	structures/output/WWF05760/WWF05760_model.cif
WWF05762	0.85	0.85	0.85	0.912	structures/output/WWF05762/WWF05762_model.cif
WWF05764	0.79	0.82	0.82	0.878	structures/output/WWF05764/WWF05764_model.cif
WWF05766	0.84	0.82	0.82	0.879	structures/output/WWF05766/WWF05766_model.cif
WWF05772	0.85	0.85	0.85	0.86	structures/output/WWF05772/WWF05772_model.cif
WWF05774	0.84	0.84	0.84	0.885	structures/output/WWF05774/WWF05774_model.cif
WWF05782	0.89	0.9	0.9	0.926	structures/output/WWF05782/WWF05782_model.cif
WWF05783	0.87	0.86	0.86	0.866	structures/output/WWF05783/WWF05783_model.cif
WWF05784	0.88	0.88	0.88	0.916	structures/output/WWF05784/WWF05784_model.cif
WWF05789	0.89	0.87	0.87	0.923	structures/output/WWF05789/WWF05789_model.cif
WWF05790	0.89	0.86	0.86	0.913	structures/output/WWF05790/WWF05790_model.cif
WWF05794	0.83	0.83	0.83	0.895	structures/output/WWF05794/WWF05794_model.cif
WWF05805	0.88	0.87	0.87	0.91	structures/output/WWF05805/WWF05805_model.cif
WWF05806	0.76	0.79	0.79	0.844	structures/output/WWF05806/WWF05806_model.cif
WWF05808	0.92	0.91	0.91	0.905	structures/output/WWF05808/WWF05808_model.cif
WWF05817	0.75	0.71	0.71	0.76	structures/output/WWF05817/WWF05817_model.cif
WWF05820	0.76	0.54	0.54	0.614	structures/output/WWF05820/WWF05820_model.cif
WWF05821	0.85	0.85	0.85	0.907	structures/output/WWF05821/WWF05821_model.cif
WWF05823	0.81	0.75	0.75	0.771	structures/output/WWF05823/WWF05823_model.cif
WWF05827	0.76	0.61	0.61	0.673	structures/output/WWF05827/WWF05827_model.cif
WWF05832	0.88	0.88	0.88	0.93	structures/output/WWF05832/WWF05832_model.cif
WWF05840	0.78	0.73	0.73	0.822	structures/output/WWF05840/WWF05840_model.cif
WWF05841	0.73	0.43	0.43	0.552	structures/output/WWF05841/WWF05841_model.cif
WWF05843	0.85	0.84	0.84	0.909	structures/output/WWF05843/WWF05843_model.cif
WWF05845	0.85	0.83	0.83	0.887	structures/output/WWF05845/WWF05845_model.cif
WWF05848	0.89	0.88	0.88	0.926	structures/output/WWF05848/WWF05848_model.cif
WWF05849	0.78	0.8	0.8	0.894	structures/output/WWF05849/WWF05849_model.cif
WWF05856	0.81	0.72	0.72	0.749	structures/output/WWF05856/WWF05856_model.cif
WWF05862	0.84	0.83	0.83	0.865	structures/output/WWF05862/WWF05862_model.cif
WWF05865	0.86	0.85	0.85	0.924	structures/output/WWF05865/WWF05865_model.cif
WWF05869	0.75	0.77	0.77	0.839	structures/output/WWF05869/WWF05869_model.cif
WWF05872	0.76	0.64	0.64	0.795	structures/output/WWF05872/WWF05872_model.cif
WWF05873	0.83	0.81	0.81	0.885	structures/output/WWF05873/WWF05873_model.cif
WWF05876	0.74	0.65	0.65	0.708	structures/output/WWF05876/WWF05876_model.cif
WWF05878	0.82	0.78	0.78	0.853	structures/output/WWF05878/WWF05878_model.cif
WWF05885	0.8	0.8	0.8	0.882	structures/output/WWF05885/WWF05885_model.cif
WWF05887	0.91	0.9	0.9	0.921	structures/output/WWF05887/WWF05887_model.cif
WWF05890	0.84	0.76	0.76	0.815	structures/output/WWF05890/WWF05890_model.cif
WWF05894	0.8	0.82	0.82	0.887	structures/output/WWF05894/WWF05894_model.cif
WWF05895	0.8	0.81	0.81	0.862	structures/output/WWF05895/WWF05895_model.cif
WWF05897	0.76	0.77	0.77	0.896	structures/output/WWF05897/WWF05897_model.cif
WWF05899	0.71	0.7	0.7	0.836	structures/output/WWF05899/WWF05899_model.cif
WWF05915	0.82	0.87	0.87	0.875	structures/output/WWF05915/WWF05915_model.cif
WWF05916	0.83	0.8	0.8	0.867	structures/output/WWF05916/WWF05916_model.cif
WWF05917	0.82	0.81	0.81	0.904	structures/output/WWF05917/WWF05917_model.cif
WWF05922	0.76	0.71	0.71	0.769	structures/output/WWF05922/WWF05922_model.cif
WWF05926	0.77	0.75	0.75	0.838	structures/output/WWF05926/WWF05926_model.cif
WWF05943	0.78	0.75	0.75	0.891	structures/output/WWF05943/WWF05943_model.cif
WWF05945	0.84	0.83	0.83	0.914	structures/output/WWF05945/WWF05945_model.cif
WWF05947	0.84	0.79	0.79	0.92	structures/output/WWF05947/WWF05947_model.cif
WWF05949	0.77	0.77	0.77	0.854	structures/output/WWF05949/WWF05949_model.cif
WWF05950	0.84	0.82	0.82	0.884	structures/output/WWF05950/WWF05950_model.cif
WWF05954	0.84	0.85	0.85	0.908	structures/output/WWF05954/WWF05954_model.cif
WWF05958	0.77	0.76	0.76	0.799	structures/output/WWF05958/WWF05958_model.cif
WWF05970	0.89	0.88	0.88	0.906	structures/output/WWF05970/WWF05970_model.cif
WWF05978	0.83	0.77	0.77	0.84	structures/output/WWF05978/WWF05978_model.cif
WWF05983	0.77	0.78	0.78	0.818	structures/output/WWF05983/WWF05983_model.cif
WWF05984	0.84	0.8	0.8	0.874	structures/output/WWF05984/WWF05984_model.cif
WWF05986	0.8	0.81	0.81	0.89	structures/output/WWF05986/WWF05986_model.cif
WWF05988	0.83	0.83	0.83	0.893	structures/output/WWF05988/WWF05988_model.cif
WWF05989	0.84	0.84	0.84	0.891	structures/output/WWF05989/WWF05989_model.cif
WWF05993	0.83	0.73	0.73	0.833	structures/output/WWF05993/WWF05993_model.cif
WWF05996	0.84	0.84	0.84	0.895	structures/output/WWF05996/WWF05996_model.cif
WWF06000	0.88	0.9	0.9	0.946	structures/output/WWF06000/WWF06000_model.cif
WWF06005	0.83	0.85	0.85	0.904	structures/output/WWF06005/WWF06005_model.cif
WWF06009	0.85	0.8	0.8	0.893	structures/output/WWF06009/WWF06009_model.cif
WWF06012	0.84	0.74	0.74	0.809	structures/output/WWF06012/WWF06012_model.cif
WWF06016	0.9	0.9	0.9	0.939	structures/output/WWF06016/WWF06016_model.cif
WWF06027	0.84	0.84	0.84	0.904	structures/output/WWF06027/WWF06027_model.cif
WWF06033	0.89	0.9	0.9	0.941	structures/output/WWF06033/WWF06033_model.cif
WWF06034	0.8	0.68	0.68	0.815	structures/output/WWF06034/WWF06034_model.cif
WWF06035	0.76	0.57	0.57	0.665	structures/output/WWF06035/WWF06035_model.cif
WWF06036	0.81	0.86	0.86	0.86	structures/output/WWF06036/WWF06036_model.cif
WWF06037	0.85	0.87	0.87	0.919	structures/output/WWF06037/WWF06037_model.cif
WWF06040	0.87	0.86	0.86	0.911	structures/output/WWF06040/WWF06040_model.cif
WWF06045	0.78	0.77	0.77	0.85	structures/output/WWF06045/WWF06045_model.cif
WWF06046	0.89	0.87	0.87	0.893	structures/output/WWF06046/WWF06046_model.cif
WWF06049	0.75	0.54	0.54	0.634	structures/output/WWF06049/WWF06049_model.cif
WWF06050	0.82	0.8	0.8	0.88	structures/output/WWF06050/WWF06050_model.cif
WWF06054	0.76	0.74	0.74	0.83	structures/output/WWF06054/WWF06054_model.cif
WWF06056	0.76	0.76	0.76	0.816	structures/output/WWF06056/WWF06056_model.cif
WWF06057	0.78	0.69	0.69	0.707	structures/output/WWF06057/WWF06057_model.cif
WWF06061	0.86	0.87	0.87	0.912	structures/output/WWF06061/WWF06061_model.cif
WWF06063	0.91	0.9	0.9	0.938	structures/output/WWF06063/WWF06063_model.cif
WWF06070	0.74	0.54	0.54	0.625	structures/output/WWF06070/WWF06070_model.cif
WWF06072	0.84	0.67	0.67	0.7	structures/output/WWF06072/WWF06072_model.cif
WWF06073	0.85	0.75	0.75	0.766	structures/output/WWF06073/WWF06073_model.cif
WWF06074	0.89	0.89	0.89	0.893	structures/output/WWF06074/WWF06074_model.cif
WWF06076	0.82	0.65	0.65	0.702	structures/output/WWF06076/WWF06076_model.cif
WWF06086	0.8	0.75	0.75	0.843	structures/output/WWF06086/WWF06086_model.cif
WWF06094	0.89	0.9	0.9	0.922	structures/output/WWF06094/WWF06094_model.cif
WWF06099	0.87	0.89	0.89	0.924	structures/output/WWF06099/WWF06099_model.cif
WWF06101	0.85	0.85	0.85	0.881	structures/output/WWF06101/WWF06101_model.cif
WWF06103	0.83	0.84	0.84	0.897	structures/output/WWF06103/WWF06103_model.cif
WWF06105	0.84	0.79	0.79	0.865	structures/output/WWF06105/WWF06105_model.cif
WWF06110	0.85	0.86	0.86	0.914	structures/output/WWF06110/WWF06110_model.cif
WWF06116	0.89	0.9	0.9	0.942	structures/output/WWF06116/WWF06116_model.cif
WWF06119	0.83	0.81	0.81	0.853	structures/output/WWF06119/WWF06119_model.cif
WWF06123	0.85	0.86	0.86	0.9	structures/output/WWF06123/WWF06123_model.cif
WWF06128	0.81	0.83	0.83	0.909	structures/output/WWF06128/WWF06128_model.cif
WWF06132	0.88	0.88	0.88	0.923	structures/output/WWF06132/WWF06132_model.cif
WWF06134	0.8	0.83	0.83	0.831	structures/output/WWF06134/WWF06134_model.cif
WWF06138	0.78	0.63	0.63	0.841	structures/output/WWF06138/WWF06138_model.cif
WWF06141	0.88	0.85	0.85	0.886	structures/output/WWF06141/WWF06141_model.cif
WWF06142	0.83	0.86	0.86	0.912	structures/output/WWF06142/WWF06142_model.cif
WWF06149	0.88	0.89	0.89	0.91	structures/output/WWF06149/WWF06149_model.cif
WWF06150	0.76	0.75	0.75	0.793	structures/output/WWF06150/WWF06150_model.cif
WWF06158	0.91	0.91	0.91	0.971	structures/output/WWF06158/WWF06158_model.cif
WWF06162	0.83	0.8	0.8	0.856	structures/output/WWF06162/WWF06162_model.cif
WWF06163	0.78	0.76	0.76	0.796	structures/output/WWF06163/WWF06163_model.cif
WWF06166	0.81	0.7	0.7	0.792	structures/output/WWF06166/WWF06166_model.cif
WWF06172	0.86	0.87	0.87	0.886	structures/output/WWF06172/WWF06172_model.cif
WWF06174	0.79	0.58	0.58	0.662	structures/output/WWF06174/WWF06174_model.cif
WWF06185	0.8	0.75	0.75	0.787	structures/output/WWF06185/WWF06185_model.cif
WWF06187	0.77	0.72	0.72	0.809	structures/output/WWF06187/WWF06187_model.cif
WWF06189	0.84	0.8	0.8	0.845	structures/output/WWF06189/WWF06189_model.cif
WWF06193	0.79	0.77	0.77	0.831	structures/output/WWF06193/WWF06193_model.cif
WWF06197	0.87	0.86	0.86	0.914	structures/output/WWF06197/WWF06197_model.cif
WWF06202	0.86	0.8	0.8	0.804	structures/output/WWF06202/WWF06202_model.cif
WWF06204	0.93	0.92	0.92	0.92	structures/output/WWF06204/WWF06204_model.cif
WWF06210	0.75	0.68	0.68	0.816	structures/output/WWF06210/WWF06210_model.cif
WWF06219	0.85	0.82	0.82	0.869	structures/output/WWF06219/WWF06219_model.cif
WWF06225	0.87	0.67	0.67	0.667	structures/output/WWF06225/WWF06225_model.cif
WWF06230	0.87	0.9	0.9	0.93	structures/output/WWF06230/WWF06230_model.cif
WWF06232	0.78	0.67	0.67	0.795	structures/output/WWF06232/WWF06232_model.cif
WWF06233	0.8	0.82	0.82	0.889	structures/output/WWF06233/WWF06233_model.cif
WWF06234	0.87	0.88	0.88	0.93	structures/output/WWF06234/WWF06234_model.cif
WWF06235	0.88	0.88	0.88	0.911	structures/output/WWF06235/WWF06235_model.cif
WWF06239	0.9	0.88	0.88	0.917	structures/output/WWF06239/WWF06239_model.cif
WWF06242	0.9	0.88	0.88	0.885	structures/output/WWF06242/WWF06242_model.cif
WWF06248	0.78	0.61	0.61	0.68	structures/output/WWF06248/WWF06248_model.cif
WWF06250	0.91	0.92	0.92	0.943	structures/output/WWF06250/WWF06250_model.cif
WWF06254	0.65	0.61	0.61	0.707	structures/output/WWF06254/WWF06254_model.cif
WWF06255	0.8	0.65	0.65	0.742	structures/output/WWF06255/WWF06255_model.cif
WWF06259	0.93	0.94	0.94	0.959	structures/output/WWF06259/WWF06259_model.cif
WWF06261	0.88	0.88	0.88	0.933	structures/output/WWF06261/WWF06261_model.cif
WWF06262	0.8	0.77	0.77	0.808	structures/output/WWF06262/WWF06262_model.cif
WWF06269	0.82	0.58	0.58	0.632	structures/output/WWF06269/WWF06269_model.cif
WWF06271	0.78	0.67	0.67	0.745	structures/output/WWF06271/WWF06271_model.cif
WWF06273	0.79	0.82	0.82	0.861	structures/output/WWF06273/WWF06273_model.cif
WWF06286	0.9	0.91	0.91	0.942	structures/output/WWF06286/WWF06286_model.cif
WWF06293	0.76	0.58	0.58	0.688	structures/output/WWF06293/WWF06293_model.cif
WWF06295	0.83	0.81	0.81	0.887	structures/output/WWF06295/WWF06295_model.cif
WWF06296	0.93	0.94	0.94	0.941	structures/output/WWF06296/WWF06296_model.cif
WWF06301	0.85	0.86	0.86	0.927	structures/output/WWF06301/WWF06301_model.cif
WWF06305	0.79	0.77	0.77	0.843	structures/output/WWF06305/WWF06305_model.cif
WWF06310	0.83	0.82	0.82	0.879	structures/output/WWF06310/WWF06310_model.cif
WWF06311	0.75	0.58	0.58	0.613	structures/output/WWF06311/WWF06311_model.cif
WWF06317	0.78	0.69	0.69	0.823	structures/output/WWF06317/WWF06317_model.cif
WWF06319	0.83	0.82	0.82	0.893	structures/output/WWF06319/WWF06319_model.cif
WWF06321	0.83	0.84	0.84	0.909	structures/output/WWF06321/WWF06321_model.cif
WWF06328	0.77	0.67	0.67	0.774	structures/output/WWF06328/WWF06328_model.cif
WWF06334	0.89	0.89	0.89	0.922	structures/output/WWF06334/WWF06334_model.cif
WWF06336	0.85	0.63	0.63	0.682	structures/output/WWF06336/WWF06336_model.cif
WWF06337	0.85	0.82	0.82	0.9	structures/output/WWF06337/WWF06337_model.cif
WWF06344	0.78	0.77	0.77	0.873	structures/output/WWF06344/WWF06344_model.cif
WWF06352	0.78	0.71	0.71	0.741	structures/output/WWF06352/WWF06352_model.cif
WWF06358	0.85	0.83	0.83	0.902	structures/output/WWF06358/WWF06358_model.cif
WWF06364	0.83	0.82	0.82	0.818	structures/output/WWF06364/WWF06364_model.cif
WWF06371	0.82	0.83	0.83	0.899	structures/output/WWF06371/WWF06371_model.cif
WWF06376	0.77	0.52	0.52	0.612	structures/output/WWF06376/WWF06376_model.cif
WWF06379	0.72	0.63	0.63	0.818	structures/output/WWF06379/WWF06379_model.cif
WWF06381	0.85	0.85	0.85	0.932	structures/output/WWF06381/WWF06381_model.cif
WWF06382	0.83	0.79	0.79	0.859	structures/output/WWF06382/WWF06382_model.cif
WWF06384	0.8	0.57	0.57	0.597	structures/output/WWF06384/WWF06384_model.cif
WWF06396	0.8	0.82	0.82	0.857	structures/output/WWF06396/WWF06396_model.cif
WWF06400	0.81	0.73	0.73	0.749	structures/output/WWF06400/WWF06400_model.cif
WWF06410	0.83	0.82	0.82	0.876	structures/output/WWF06410/WWF06410_model.cif
WWF06412	0.79	0.73	0.73	0.834	structures/output/WWF06412/WWF06412_model.cif
WWF06424	0.89	0.87	0.87	0.868	structures/output/WWF06424/WWF06424_model.cif
WWF06431	0.8	0.76	0.76	0.813	structures/output/WWF06431/WWF06431_model.cif
WWF06433	0.9	0.91	0.91	0.922	structures/output/WWF06433/WWF06433_model.cif
WWF06434	0.8	0.82	0.82	0.865	structures/output/WWF06434/WWF06434_model.cif
WWF06437	0.9	0.92	0.92	0.944	structures/output/WWF06437/WWF06437_model.cif
WWF06438	0.8	0.72	0.72	0.789	structures/output/WWF06438/WWF06438_model.cif
WWF06439	0.91	0.93	0.93	0.945	structures/output/WWF06439/WWF06439_model.cif
WWF06440	0.86	0.83	0.83	0.895	structures/output/WWF06440/WWF06440_model.cif
WWF06448	0.8	0.8	0.8	0.874	structures/output/WWF06448/WWF06448_model.cif
WWF06452	0.87	0.84	0.84	0.902	structures/output/WWF06452/WWF06452_model.cif
WWF06453	0.88	0.9	0.9	0.913	structures/output/WWF06453/WWF06453_model.cif
WWF06462	0.75	0.75	0.75	0.768	structures/output/WWF06462/WWF06462_model.cif
WWF06466	0.81	0.71	0.71	0.757	structures/output/WWF06466/WWF06466_model.cif
WWF06468	0.64	0.4	0.4	0.706	structures/output/WWF06468/WWF06468_model.cif
WWF06469	0.84	0.87	0.87	0.899	structures/output/WWF06469/WWF06469_model.cif
WWF06475	0.83	0.79	0.79	0.857	structures/output/WWF06475/WWF06475_model.cif
WWF06479	0.81	0.81	0.81	0.898	structures/output/WWF06479/WWF06479_model.cif
WWF06480	0.79	0.54	0.54	0.607	structures/output/WWF06480/WWF06480_model.cif
WWF06487	0.85	0.88	0.88	0.929	structures/output/WWF06487/WWF06487_model.cif
WWF06517	0.84	0.82	0.82	0.896	structures/output/WWF06517/WWF06517_model.cif
WWF06528	0.82	0.84	0.84	0.883	structures/output/WWF06528/WWF06528_model.cif
WWF06532	0.83	0.83	0.83	0.897	structures/output/WWF06532/WWF06532_model.cif
WWF06538	0.88	0.87	0.87	0.914	structures/output/WWF06538/WWF06538_model.cif
WWF06544	0.86	0.86	0.86	0.881	structures/output/WWF06544/WWF06544_model.cif
WWF06549	0.76	0.77	0.77	0.825	structures/output/WWF06549/WWF06549_model.cif
WWF06552	0.77	0.64	0.64	0.713	structures/output/WWF06552/WWF06552_model.cif
WWF06556	0.85	0.87	0.87	0.897	structures/output/WWF06556/WWF06556_model.cif
WWF06558	0.8	0.84	0.84	0.889	structures/output/WWF06558/WWF06558_model.cif
WWF06562	0.84	0.72	0.72	0.739	structures/output/WWF06562/WWF06562_model.cif
WWF06563	0.75	0.68	0.68	0.748	structures/output/WWF06563/WWF06563_model.cif
WWF06565	0.86	0.87	0.87	0.931	structures/output/WWF06565/WWF06565_model.cif
WWF06566	0.78	0.83	0.83	0.892	structures/output/WWF06566/WWF06566_model.cif
WWF06571	0.88	0.89	0.89	0.928	structures/output/WWF06571/WWF06571_model.cif
WWF06579	0.86	0.77	0.77	0.802	structures/output/WWF06579/WWF06579_model.cif
WWF06580	0.75	0.79	0.79	0.846	structures/output/WWF06580/WWF06580_model.cif
WWF06582	0.92	0.92	0.92	0.951	structures/output/WWF06582/WWF06582_model.cif
WWF06584	0.84	0.84	0.84	0.905	structures/output/WWF06584/WWF06584_model.cif
WWF06586	0.83	0.82	0.82	0.899	structures/output/WWF06586/WWF06586_model.cif
WWF06593	0.82	0.8	0.8	0.898	structures/output/WWF06593/WWF06593_model.cif
WWF06600	0.84	0.8	0.8	0.848	structures/output/WWF06600/WWF06600_model.cif
WWF06605	0.81	0.78	0.78	0.821	structures/output/WWF06605/WWF06605_model.cif
WWF06606	0.7	0.58	0.58	0.776	structures/output/WWF06606/WWF06606_model.cif
WWF06617	0.78	0.78	0.78	0.876	structures/output/WWF06617/WWF06617_model.cif
WWF06623	0.84	0.83	0.83	0.914	structures/output/WWF06623/WWF06623_model.cif
WWF06624	0.84	0.83	0.83	0.925	structures/output/WWF06624/WWF06624_model.cif
WWF06625	0.9	0.93	0.93	0.93	structures/output/WWF06625/WWF06625_model.cif
WWF06627	0.89	0.91	0.91	0.927	structures/output/WWF06627/WWF06627_model.cif
WWF06631	0.91	0.91	0.91	0.94	structures/output/WWF06631/WWF06631_model.cif
WWF06637	0.84	0.88	0.88	0.93	structures/output/WWF06637/WWF06637_model.cif
WWF06641	0.86	0.86	0.86	0.879	structures/output/WWF06641/WWF06641_model.cif
WWF06646	0.73	0.69	0.69	0.744	structures/output/WWF06646/WWF06646_model.cif
WWF06647	0.85	0.78	0.78	0.803	structures/output/WWF06647/WWF06647_model.cif
WWF06648	0.79	0.83	0.83	0.867	structures/output/WWF06648/WWF06648_model.cif
WWF06649	0.71	0.75	0.75	0.836	structures/output/WWF06649/WWF06649_model.cif
WWF06652	0.78	0.77	0.77	0.828	structures/output/WWF06652/WWF06652_model.cif
WWF06658	0.91	0.89	0.89	0.909	structures/output/WWF06658/WWF06658_model.cif
WWF06679	0.83	0.84	0.84	0.9	structures/output/WWF06679/WWF06679_model.cif
WWF06683	0.67	0.66	0.66	0.718	structures/output/WWF06683/WWF06683_model.cif
WWF06688	0.82	0.7	0.7	0.83	structures/output/WWF06688/WWF06688_model.cif
WWF06693	0.81	0.81	0.81	0.813	structures/output/WWF06693/WWF06693_model.cif
WWF06695	0.77	0.76	0.76	0.868	structures/output/WWF06695/WWF06695_model.cif
WWF06698	0.85	0.9	0.9	0.935	structures/output/WWF06698/WWF06698_model.cif
WWF06706	0.82	0.85	0.85	0.893	structures/output/WWF06706/WWF06706_model.cif
WWF06707	0.89	0.88	0.88	0.927	structures/output/WWF06707/WWF06707_model.cif
WWF06709	0.94	0.94	0.94	0.935	structures/output/WWF06709/WWF06709_model.cif
WWF06710	0.85	0.84	0.84	0.882	structures/output/WWF06710/WWF06710_model.cif
WWF06712	0.87	0.88	0.88	0.923	structures/output/WWF06712/WWF06712_model.cif
WWF06715	0.9	0.9	0.9	0.929	structures/output/WWF06715/WWF06715_model.cif
WWF06717	0.81	0.85	0.85	0.899	structures/output/WWF06717/WWF06717_model.cif
WWF06724	0.85	0.83	0.83	0.902	structures/output/WWF06724/WWF06724_model.cif
WWF06725	0.86	0.88	0.88	0.921	structures/output/WWF06725/WWF06725_model.cif
WWF06728	0.81	0.86	0.86	0.912	structures/output/WWF06728/WWF06728_model.cif
WWF06734	0.86	0.88	0.88	0.924	structures/output/WWF06734/WWF06734_model.cif
WWF06737	0.84	0.87	0.87	0.903	structures/output/WWF06737/WWF06737_model.cif
WWF06738	0.86	0.84	0.84	0.923	structures/output/WWF06738/WWF06738_model.cif
WWF06741	0.76	0.57	0.57	0.652	structures/output/WWF06741/WWF06741_model.cif
WWF06747	0.89	0.88	0.88	0.904	structures/output/WWF06747/WWF06747_model.cif
WWF06754	0.87	0.88	0.88	0.917	structures/output/WWF06754/WWF06754_model.cif
WWF06755	0.9	0.9	0.9	0.933	structures/output/WWF06755/WWF06755_model.cif
WWF06756	0.8	0.68	0.68	0.829	structures/output/WWF06756/WWF06756_model.cif
WWF06758	0.8	0.83	0.83	0.888	structures/output/WWF06758/WWF06758_model.cif
WWF06763	0.81	0.69	0.69	0.724	structures/output/WWF06763/WWF06763_model.cif
WWF06764	0.74	0.73	0.73	0.783	structures/output/WWF06764/WWF06764_model.cif
WWF06768	0.84	0.84	0.84	0.901	structures/output/WWF06768/WWF06768_model.cif
WWF06772	0.73	0.59	0.59	0.675	structures/output/WWF06772/WWF06772_model.cif
WWF06774	0.84	0.85	0.85	0.898	structures/output/WWF06774/WWF06774_model.cif
WWF06775	0.84	0.63	0.63	0.722	structures/output/WWF06775/WWF06775_model.cif
WWF06776	0.84	0.67	0.67	0.787	structures/output/WWF06776/WWF06776_model.cif
WWF06781	0.87	0.82	0.82	0.884	structures/output/WWF06781/WWF06781_model.cif
WWF06783	0.68	0.63	0.63	0.774	structures/output/WWF06783/WWF06783_model.cif
WWF06784	0.88	0.79	0.79	0.828	structures/output/WWF06784/WWF06784_model.cif
WWF06788	0.81	0.82	0.82	0.879	structures/output/WWF06788/WWF06788_model.cif
WWF06793	0.87	0.86	0.86	0.929	structures/output/WWF06793/WWF06793_model.cif
WWF06797	0.84	0.81	0.81	0.916	structures/output/WWF06797/WWF06797_model.cif
WWF06806	0.85	0.85	0.85	0.912	structures/output/WWF06806/WWF06806_model.cif
WWF06807	0.84	0.81	0.81	0.893	structures/output/WWF06807/WWF06807_model.cif
WWF06808	0.93	0.92	0.92	0.942	structures/output/WWF06808/WWF06808_model.cif
WWF06809	0.83	0.73	0.73	0.781	structures/output/WWF06809/WWF06809_model.cif
WWF06812	0.85	0.87	0.87	0.891	structures/output/WWF06812/WWF06812_model.cif
WWF06816	0.81	0.75	0.75	0.814	structures/output/WWF06816/WWF06816_model.cif
WWF06818	0.81	0.73	0.73	0.783	structures/output/WWF06818/WWF06818_model.cif
WWF06823	0.85	0.85	0.85	0.91	structures/output/WWF06823/WWF06823_model.cif
WWF06824	0.8	0.78	0.78	0.824	structures/output/WWF06824/WWF06824_model.cif
WWF06825	0.82	0.84	0.84	0.897	structures/output/WWF06825/WWF06825_model.cif
WWF06834	0.9	0.9	0.9	0.952	structures/output/WWF06834/WWF06834_model.cif
WWF06842	0.88	0.87	0.87	0.87	structures/output/WWF06842/WWF06842_model.cif
WWF06847	0.87	0.86	0.86	0.881	structures/output/WWF06847/WWF06847_model.cif
WWF06850	0.76	0.67	0.67	0.731	structures/output/WWF06850/WWF06850_model.cif
WWF06858	0.81	0.77	0.77	0.875	structures/output/WWF06858/WWF06858_model.cif
WWF06865	0.8	0.81	0.81	0.873	structures/output/WWF06865/WWF06865_model.cif
WWF06873	0.85	0.85	0.85	0.914	structures/output/WWF06873/WWF06873_model.cif
WWF06877	0.88	0.89	0.89	0.934	structures/output/WWF06877/WWF06877_model.cif
WWF06878	0.7	0.73	0.73	0.828	structures/output/WWF06878/WWF06878_model.cif
WWF06880	0.75	0.63	0.63	0.788	structures/output/WWF06880/WWF06880_model.cif
WWF06890	0.76	0.46	0.46	0.687	structures/output/WWF06890/WWF06890_model.cif
WWF06891	0.86	0.84	0.84	0.912	structures/output/WWF06891/WWF06891_model.cif
WWF06909	0.9	0.89	0.89	0.939	structures/output/WWF06909/WWF06909_model.cif
WWF06913	0.9	0.91	0.91	0.932	structures/output/WWF06913/WWF06913_model.cif
WWF06914	0.87	0.87	0.87	0.92	structures/output/WWF06914/WWF06914_model.cif
WWF06919	0.85	0.86	0.86	0.915	structures/output/WWF06919/WWF06919_model.cif
WWF06924	0.82	0.79	0.79	0.88	structures/output/WWF06924/WWF06924_model.cif
WWF06928	0.89	0.88	0.88	0.924	structures/output/WWF06928/WWF06928_model.cif
WWF06933	0.86	0.86	0.86	0.916	structures/output/WWF06933/WWF06933_model.cif
WWF06938	0.75	0.76	0.76	0.837	structures/output/WWF06938/WWF06938_model.cif
WWF06939	0.92	0.92	0.92	0.953	structures/output/WWF06939/WWF06939_model.cif
WWF06944	0.78	0.78	0.78	0.862	structures/output/WWF06944/WWF06944_model.cif
WWF06948	0.86	0.89	0.89	0.922	structures/output/WWF06948/WWF06948_model.cif
WWF06950	0.87	0.74	0.74	0.802	structures/output/WWF06950/WWF06950_model.cif
WWF06951	0.72	0.49	0.49	0.583	structures/output/WWF06951/WWF06951_model.cif
WWF06956	0.86	0.86	0.86	0.916	structures/output/WWF06956/WWF06956_model.cif
WWF06959	0.82	0.82	0.82	0.874	structures/output/WWF06959/WWF06959_model.cif
WWF06967	0.87	0.86	0.86	0.915	structures/output/WWF06967/WWF06967_model.cif
WWF06975	0.84	0.84	0.84	0.899	structures/output/WWF06975/WWF06975_model.cif
WWF06976	0.85	0.75	0.75	0.746	structures/output/WWF06976/WWF06976_model.cif
WWF06977	0.79	0.8	0.8	0.807	structures/output/WWF06977/WWF06977_model.cif
WWF06979	0.87	0.86	0.86	0.919	structures/output/WWF06979/WWF06979_model.cif
WWF06982	0.82	0.81	0.81	0.879	structures/output/WWF06982/WWF06982_model.cif
WWF06983	0.86	0.87	0.87	0.925	structures/output/WWF06983/WWF06983_model.cif
WWF06985	0.78	0.58	0.58	0.659	structures/output/WWF06985/WWF06985_model.cif
WWF06987	0.91	0.92	0.92	0.95	structures/output/WWF06987/WWF06987_model.cif
WWF06988	0.86	0.86	0.86	0.899	structures/output/WWF06988/WWF06988_model.cif
WWF06996	0.86	0.78	0.78	0.84	structures/output/WWF06996/WWF06996_model.cif
WWF07002	0.81	0.81	0.81	0.863	structures/output/WWF07002/WWF07002_model.cif
WWF07027	0.86	0.85	0.85	0.893	structures/output/WWF07027/WWF07027_model.cif
WWF07029	0.9	0.89	0.89	0.932	structures/output/WWF07029/WWF07029_model.cif
WWF07032	0.8	0.82	0.82	0.857	structures/output/WWF07032/WWF07032_model.cif
WWF07037	0.7	0.68	0.68	0.751	structures/output/WWF07037/WWF07037_model.cif
WWF07043	0.86	0.85	0.85	0.909	structures/output/WWF07043/WWF07043_model.cif
WWF07052	0.9	0.91	0.91	0.925	structures/output/WWF07052/WWF07052_model.cif
WWF07056	0.86	0.83	0.83	0.906	structures/output/WWF07056/WWF07056_model.cif
WWF07057	0.83	0.83	0.83	0.905	structures/output/WWF07057/WWF07057_model.cif
WWF07058	0.77	0.68	0.68	0.758	structures/output/WWF07058/WWF07058_model.cif
WWF07061	0.82	0.84	0.84	0.886	structures/output/WWF07061/WWF07061_model.cif
WWF07066	0.76	0.58	0.58	0.64	structures/output/WWF07066/WWF07066_model.cif
WWF07067	0.84	0.89	0.89	0.91	structures/output/WWF07067/WWF07067_model.cif
WWF07069	0.82	0.8	0.8	0.894	structures/output/WWF07069/WWF07069_model.cif
WWF07070	0.71	0.66	0.66	0.79	structures/output/WWF07070/WWF07070_model.cif
WWF07081	0.77	0.79	0.79	0.86	structures/output/WWF07081/WWF07081_model.cif
WWF07084	0.78	0.69	0.69	0.822	structures/output/WWF07084/WWF07084_model.cif
WWF07097	0.9	0.92	0.92	0.924	structures/output/WWF07097/WWF07097_model.cif
WWF07101	0.9	0.91	0.91	0.947	structures/output/WWF07101/WWF07101_model.cif
WWF07105	0.86	0.87	0.87	0.903	structures/output/WWF07105/WWF07105_model.cif
WWF07110	0.81	0.8	0.8	0.886	structures/output/WWF07110/WWF07110_model.cif
WWF07117	0.76	0.75	0.75	0.841	structures/output/WWF07117/WWF07117_model.cif
WWF07121	0.79	0.8	0.8	0.869	structures/output/WWF07121/WWF07121_model.cif
WWF07127	0.85	0.88	0.88	0.887	structures/output/WWF07127/WWF07127_model.cif
WWF07128	0.86	0.87	0.87	0.88	structures/output/WWF07128/WWF07128_model.cif
WWF07134	0.86	0.86	0.86	0.92	structures/output/WWF07134/WWF07134_model.cif
WWF07138	0.83	0.82	0.82	0.843	structures/output/WWF07138/WWF07138_model.cif
WWF07144	0.88	0.88	0.88	0.933	structures/output/WWF07144/WWF07144_model.cif
WWF07145	0.94	0.93	0.93	0.929	structures/output/WWF07145/WWF07145_model.cif
WWF07156	0.9	0.89	0.89	0.928	structures/output/WWF07156/WWF07156_model.cif
WWF07160	0.92	0.9	0.9	0.935	structures/output/WWF07160/WWF07160_model.cif
WWF07163	0.8	0.81	0.81	0.89	structures/output/WWF07163/WWF07163_model.cif
WWF07165	0.92	0.92	0.92	0.938	structures/output/WWF07165/WWF07165_model.cif
WWF07167	0.86	0.78	0.78	0.88	structures/output/WWF07167/WWF07167_model.cif
WWF07171	0.83	0.76	0.76	0.87	structures/output/WWF07171/WWF07171_model.cif
WWF07177	0.76	0.74	0.74	0.866	structures/output/WWF07177/WWF07177_model.cif
WWF07184	0.82	0.81	0.81	0.88	structures/output/WWF07184/WWF07184_model.cif
WWF07188	0.83	0.74	0.74	0.819	structures/output/WWF07188/WWF07188_model.cif
WWF07189	0.78	0.66	0.66	0.697	structures/output/WWF07189/WWF07189_model.cif
WWF07192	0.77	0.74	0.74	0.83	structures/output/WWF07192/WWF07192_model.cif
WWF07196	0.79	0.81	0.81	0.859	structures/output/WWF07196/WWF07196_model.cif
WWF07209	0.89	0.88	0.88	0.878	structures/output/WWF07209/WWF07209_model.cif
WWF07211	0.84	0.84	0.84	0.903	structures/output/WWF07211/WWF07211_model.cif
WWF07215	0.87	0.86	0.86	0.915	structures/output/WWF07215/WWF07215_model.cif
WWF07217	0.87	0.84	0.84	0.899	structures/output/WWF07217/WWF07217_model.cif
WWF07222	0.87	0.9	0.9	0.92	structures/output/WWF07222/WWF07222_model.cif
WWF07223	0.7	0.64	0.64	0.765	structures/output/WWF07223/WWF07223_model.cif
WWF07225	0.83	0.8	0.8	0.82	structures/output/WWF07225/WWF07225_model.cif
WWF07231	0.87	0.87	0.87	0.912	structures/output/WWF07231/WWF07231_model.cif
WWF07233	0.85	0.84	0.84	0.943	structures/output/WWF07233/WWF07233_model.cif
WWF07235	0.85	0.83	0.83	0.91	structures/output/WWF07235/WWF07235_model.cif
WWF07237	0.79	0.8	0.8	0.843	structures/output/WWF07237/WWF07237_model.cif
WWF07241	0.88	0.85	0.85	0.866	structures/output/WWF07241/WWF07241_model.cif
WWF07243	0.81	0.74	0.74	0.859	structures/output/WWF07243/WWF07243_model.cif
WWF07246	0.86	0.84	0.84	0.868	structures/output/WWF07246/WWF07246_model.cif
WWF07254	0.76	0.61	0.61	0.689	structures/output/WWF07254/WWF07254_model.cif
WWF07258	0.86	0.86	0.86	0.906	structures/output/WWF07258/WWF07258_model.cif
WWF07260	0.81	0.54	0.54	0.695	structures/output/WWF07260/WWF07260_model.cif
WWF07273	0.81	0.62	0.62	0.68	structures/output/WWF07273/WWF07273_model.cif
WWF07274	0.84	0.81	0.81	0.898	structures/output/WWF07274/WWF07274_model.cif
WWF07283	0.88	0.87	0.87	0.916	structures/output/WWF07283/WWF07283_model.cif
WWF07284	0.72	0.61	0.61	0.73	structures/output/WWF07284/WWF07284_model.cif
WWF07291	0.81	0.83	0.83	0.876	structures/output/WWF07291/WWF07291_model.cif
WWF07298	0.87	0.78	0.78	0.844	structures/output/WWF07298/WWF07298_model.cif
WWF07302	0.88	0.92	0.92	0.939	structures/output/WWF07302/WWF07302_model.cif
WWF07303	0.92	0.92	0.92	0.955	structures/output/WWF07303/WWF07303_model.cif
WWF07304	0.84	0.85	0.85	0.917	structures/output/WWF07304/WWF07304_model.cif
WWF07309	0.74	0.67	0.67	0.798	structures/output/WWF07309/WWF07309_model.cif
WWF07311	0.84	0.83	0.83	0.862	structures/output/WWF07311/WWF07311_model.cif
WWF07312	0.93	0.93	0.93	0.938	structures/output/WWF07312/WWF07312_model.cif
WWF07313	0.77	0.76	0.76	0.811	structures/output/WWF07313/WWF07313_model.cif
WWF07317	0.87	0.83	0.83	0.846	structures/output/WWF07317/WWF07317_model.cif
WWF07318	0.8	0.77	0.77	0.858	structures/output/WWF07318/WWF07318_model.cif
WWF07321	0.81	0.52	0.52	0.693	structures/output/WWF07321/WWF07321_model.cif
WWF07324	0.9	0.74	0.74	0.762	structures/output/WWF07324/WWF07324_model.cif
WWF07329	0.91	0.91	0.91	0.951	structures/output/WWF07329/WWF07329_model.cif
WWF07330	0.71	0.63	0.63	0.703	structures/output/WWF07330/WWF07330_model.cif
WWF07331	0.8	0.82	0.82	0.876	structures/output/WWF07331/WWF07331_model.cif
WWF07335	0.82	0.81	0.81	0.869	structures/output/WWF07335/WWF07335_model.cif
WWF07336	0.78	0.82	0.82	0.853	structures/output/WWF07336/WWF07336_model.cif
WWF07338	0.81	0.77	0.77	0.813	structures/output/WWF07338/WWF07338_model.cif
WWF07340	0.87	0.84	0.84	0.887	structures/output/WWF07340/WWF07340_model.cif
WWF07346	0.84	0.82	0.82	0.899	structures/output/WWF07346/WWF07346_model.cif
WWF07354	0.84	0.81	0.81	0.902	structures/output/WWF07354/WWF07354_model.cif
WWF07357	0.83	0.84	0.84	0.891	structures/output/WWF07357/WWF07357_model.cif
WWF07362	0.84	0.86	0.86	0.912	structures/output/WWF07362/WWF07362_model.cif
WWF07388	0.86	0.87	0.87	0.867	structures/output/WWF07388/WWF07388_model.cif
WWF07391	0.81	0.82	0.82	0.888	structures/output/WWF07391/WWF07391_model.cif
WWF07393	0.84	0.83	0.83	0.862	structures/output/WWF07393/WWF07393_model.cif
WWF07398	0.77	0.77	0.77	0.873	structures/output/WWF07398/WWF07398_model.cif
WWF07406	0.84	0.81	0.81	0.882	structures/output/WWF07406/WWF07406_model.cif
WWF07413	0.84	0.88	0.88	0.919	structures/output/WWF07413/WWF07413_model.cif
WWF07419	0.79	0.75	0.75	0.822	structures/output/WWF07419/WWF07419_model.cif
WWF07420	0.85	0.84	0.84	0.895	structures/output/WWF07420/WWF07420_model.cif
WWF07426	0.84	0.85	0.85	0.908	structures/output/WWF07426/WWF07426_model.cif
WWF07434	0.84	0.86	0.86	0.888	structures/output/WWF07434/WWF07434_model.cif
WWF07435	0.87	0.85	0.85	0.885	structures/output/WWF07435/WWF07435_model.cif
WWF07439	0.8	0.65	0.65	0.695	structures/output/WWF07439/WWF07439_model.cif
WWF07442	0.84	0.8	0.8	0.906	structures/output/WWF07442/WWF07442_model.cif
WWF07450	0.92	0.93	0.93	0.955	structures/output/WWF07450/WWF07450_model.cif
WWF07454	0.83	0.83	0.83	0.905	structures/output/WWF07454/WWF07454_model.cif
WWF07455	0.75	0.76	0.76	0.865	structures/output/WWF07455/WWF07455_model.cif
WWF07457	0.87	0.66	0.66	0.694	structures/output/WWF07457/WWF07457_model.cif
WWF07460	0.83	0.84	0.84	0.883	structures/output/WWF07460/WWF07460_model.cif
WWF07461	0.89	0.89	0.89	0.932	structures/output/WWF07461/WWF07461_model.cif
WWF07462	0.72	0.42	0.42	0.57	structures/output/WWF07462/WWF07462_model.cif
WWF07463	0.82	0.8	0.8	0.884	structures/output/WWF07463/WWF07463_model.cif
WWF07465	0.8	0.58	0.58	0.679	structures/output/WWF07465/WWF07465_model.cif
WWF07467	0.71	0.71	0.71	0.762	structures/output/WWF07467/WWF07467_model.cif
WWF07479	0.89	0.88	0.88	0.918	structures/output/WWF07479/WWF07479_model.cif
WWF07480	0.8	0.73	0.73	0.769	structures/output/WWF07480/WWF07480_model.cif
WWF07488	0.85	0.86	0.86	0.919	structures/output/WWF07488/WWF07488_model.cif
WWF07491	0.85	0.83	0.83	0.893	structures/output/WWF07491/WWF07491_model.cif
WWF07503	0.89	0.84	0.84	0.903	structures/output/WWF07503/WWF07503_model.cif
WWF07510	0.85	0.84	0.84	0.894	structures/output/WWF07510/WWF07510_model.cif
WWF07512	0.84	0.76	0.76	0.791	structures/output/WWF07512/WWF07512_model.cif
WWF07516	0.85	0.8	0.8	0.836	structures/output/WWF07516/WWF07516_model.cif
WWF07517	0.89	0.9	0.9	0.925	structures/output/WWF07517/WWF07517_model.cif
WWF07519	0.83	0.84	0.84	0.884	structures/output/WWF07519/WWF07519_model.cif
WWF07521	0.76	0.71	0.71	0.764	structures/output/WWF07521/WWF07521_model.cif
WWF07523	0.84	0.8	0.8	0.87	structures/output/WWF07523/WWF07523_model.cif
WWF07526	0.87	0.87	0.87	0.923	structures/output/WWF07526/WWF07526_model.cif
WWF07530	0.82	0.8	0.8	0.892	structures/output/WWF07530/WWF07530_model.cif
WWF07535	0.87	0.84	0.84	0.915	structures/output/WWF07535/WWF07535_model.cif
WWF07537	0.78	0.77	0.77	0.859	structures/output/WWF07537/WWF07537_model.cif
WWF07545	0.86	0.85	0.85	0.936	structures/output/WWF07545/WWF07545_model.cif
WWF07547	0.8	0.76	0.76	0.835	structures/output/WWF07547/WWF07547_model.cif
WWF07553	0.9	0.86	0.86	0.945	structures/output/WWF07553/WWF07553_model.cif
WWF07554	0.93	0.94	0.94	0.946	structures/output/WWF07554/WWF07554_model.cif
WWF07557	0.85	0.7	0.7	0.737	structures/output/WWF07557/WWF07557_model.cif
WWF07558	0.86	0.85	0.85	0.902	structures/output/WWF07558/WWF07558_model.cif
WWF07560	0.84	0.83	0.83	0.898	structures/output/WWF07560/WWF07560_model.cif
WWF07561	0.88	0.87	0.87	0.93	structures/output/WWF07561/WWF07561_model.cif
WWF07562	0.91	0.9	0.9	0.903	structures/output/WWF07562/WWF07562_model.cif
WWF07566	0.8	0.81	0.81	0.865	structures/output/WWF07566/WWF07566_model.cif
WWF07567	0.84	0.82	0.82	0.908	structures/output/WWF07567/WWF07567_model.cif
WWF07570	0.89	0.86	0.86	0.917	structures/output/WWF07570/WWF07570_model.cif
WWF07579	0.9	0.87	0.87	0.904	structures/output/WWF07579/WWF07579_model.cif
WWF07583	0.76	0.63	0.63	0.74	structures/output/WWF07583/WWF07583_model.cif
WWF07591	0.8	0.8	0.8	0.885	structures/output/WWF07591/WWF07591_model.cif
WWF07592	0.8	0.75	0.75	0.802	structures/output/WWF07592/WWF07592_model.cif
WWF07598	0.86	0.85	0.85	0.907	structures/output/WWF07598/WWF07598_model.cif
WWF07607	0.85	0.81	0.81	0.813	structures/output/WWF07607/WWF07607_model.cif
WWF07608	0.87	0.87	0.87	0.928	structures/output/WWF07608/WWF07608_model.cif
WWF07614	0.81	0.79	0.79	0.874	structures/output/WWF07614/WWF07614_model.cif
WWF07615	0.86	0.81	0.81	0.846	structures/output/WWF07615/WWF07615_model.cif
WWF07616	0.79	0.64	0.64	0.681	structures/output/WWF07616/WWF07616_model.cif
WWF07623	0.83	0.85	0.85	0.913	structures/output/WWF07623/WWF07623_model.cif
WWF07626	0.82	0.82	0.82	0.877	structures/output/WWF07626/WWF07626_model.cif
WWF07627	0.83	0.68	0.68	0.727	structures/output/WWF07627/WWF07627_model.cif
WWF07628	0.87	0.85	0.85	0.89	structures/output/WWF07628/WWF07628_model.cif
WWF07633	0.84	0.82	0.82	0.889	structures/output/WWF07633/WWF07633_model.cif
WWF07634	0.8	0.73	0.73	0.748	structures/output/WWF07634/WWF07634_model.cif
WWF07638	0.9	0.88	0.88	0.942	structures/output/WWF07638/WWF07638_model.cif
WWF07639	0.81	0.81	0.81	0.877	structures/output/WWF07639/WWF07639_model.cif
WWF07643	0.86	0.86	0.86	0.915	structures/output/WWF07643/WWF07643_model.cif
WWF07646	0.82	0.8	0.8	0.818	structures/output/WWF07646/WWF07646_model.cif
WWF07659	0.78	0.55	0.55	0.642	structures/output/WWF07659/WWF07659_model.cif
WWF07661	0.84	0.87	0.87	0.909	structures/output/WWF07661/WWF07661_model.cif
WWF07663	0.85	0.85	0.85	0.91	structures/output/WWF07663/WWF07663_model.cif
WWF07664	0.89	0.87	0.87	0.91	structures/output/WWF07664/WWF07664_model.cif
WWF07665	0.79	0.75	0.75	0.842	structures/output/WWF07665/WWF07665_model.cif
WWF07669	0.78	0.64	0.64	0.717	structures/output/WWF07669/WWF07669_model.cif
WWF07671	0.79	0.79	0.79	0.885	structures/output/WWF07671/WWF07671_model.cif
WWF07682	0.73	0.7	0.7	0.777	structures/output/WWF07682/WWF07682_model.cif
WWF07686	0.89	0.83	0.83	0.891	structures/output/WWF07686/WWF07686_model.cif
WWF07698	0.82	0.83	0.83	0.909	structures/output/WWF07698/WWF07698_model.cif
WWF07700	0.83	0.82	0.82	0.894	structures/output/WWF07700/WWF07700_model.cif
WWF07704	0.81	0.78	0.78	0.87	structures/output/WWF07704/WWF07704_model.cif
WWF07706	0.87	0.89	0.89	0.933	structures/output/WWF07706/WWF07706_model.cif
WWF07707	0.85	0.85	0.85	0.906	structures/output/WWF07707/WWF07707_model.cif
WWF07709	0.87	0.9	0.9	0.929	structures/output/WWF07709/WWF07709_model.cif
WWF07710	0.71	0.68	0.68	0.788	structures/output/WWF07710/WWF07710_model.cif
WWF07714	0.87	0.87	0.87	0.925	structures/output/WWF07714/WWF07714_model.cif
WWF07721	0.83	0.81	0.81	0.89	structures/output/WWF07721/WWF07721_model.cif
WWF07723	0.7	0.5	0.5	0.683	structures/output/WWF07723/WWF07723_model.cif
WWF07728	0.82	0.84	0.84	0.884	structures/output/WWF07728/WWF07728_model.cif
WWF07729	0.85	0.89	0.89	0.928	structures/output/WWF07729/WWF07729_model.cif
WWF07730	0.75	0.78	0.78	0.856	structures/output/WWF07730/WWF07730_model.cif
WWF07734	0.81	0.79	0.79	0.85	structures/output/WWF07734/WWF07734_model.cif
WWF07735	0.85	0.85	0.85	0.879	structures/output/WWF07735/WWF07735_model.cif
WWF07736	0.86	0.86	0.86	0.888	structures/output/WWF07736/WWF07736_model.cif
WWF07737	0.87	0.85	0.85	0.902	structures/output/WWF07737/WWF07737_model.cif
WWF07738	0.66	0.57	0.57	0.675	structures/output/WWF07738/WWF07738_model.cif
WWF07744	0.92	0.93	0.93	0.948	structures/output/WWF07744/WWF07744_model.cif
WWF07752	0.85	0.84	0.84	0.913	structures/output/WWF07752/WWF07752_model.cif
WWF07763	0.95	0.94	0.94	0.942	structures/output/WWF07763/WWF07763_model.cif
WWF07764	0.86	0.82	0.82	0.867	structures/output/WWF07764/WWF07764_model.cif
WWF07776	0.85	0.87	0.87	0.914	structures/output/WWF07776/WWF07776_model.cif
WWF07781	0.87	0.85	0.85	0.919	structures/output/WWF07781/WWF07781_model.cif
WWF07782	0.82	0.78	0.78	0.821	structures/output/WWF07782/WWF07782_model.cif
WWF07783	0.85	0.84	0.84	0.904	structures/output/WWF07783/WWF07783_model.cif
WWF07784	0.87	0.87	0.87	0.923	structures/output/WWF07784/WWF07784_model.cif
WWF07788	0.83	0.83	0.83	0.892	structures/output/WWF07788/WWF07788_model.cif
WWF07789	0.87	0.87	0.87	0.903	structures/output/WWF07789/WWF07789_model.cif
WWF07792	0.79	0.7	0.7	0.784	structures/output/WWF07792/WWF07792_model.cif
WWF07794	0.78	0.63	0.63	0.695	structures/output/WWF07794/WWF07794_model.cif
WWF07797	0.89	0.89	0.89	0.911	structures/output/WWF07797/WWF07797_model.cif
WWF07802	0.87	0.87	0.87	0.897	structures/output/WWF07802/WWF07802_model.cif
WWF07805	0.81	0.63	0.63	0.685	structures/output/WWF07805/WWF07805_model.cif
WWF07808	0.8	0.81	0.81	0.875	structures/output/WWF07808/WWF07808_model.cif
WWF07809	0.77	0.62	0.62	0.728	structures/output/WWF07809/WWF07809_model.cif
WWF07810	0.86	0.89	0.89	0.922	structures/output/WWF07810/WWF07810_model.cif
WWF07814	0.82	0.78	0.78	0.877	structures/output/WWF07814/WWF07814_model.cif
WWF07820	0.81	0.81	0.81	0.875	structures/output/WWF07820/WWF07820_model.cif
WWF07822	0.9	0.87	0.87	0.897	structures/output/WWF07822/WWF07822_model.cif
WWF07830	0.86	0.86	0.86	0.919	structures/output/WWF07830/WWF07830_model.cif
WWF07831	0.81	0.78	0.78	0.843	structures/output/WWF07831/WWF07831_model.cif
WWF07834	0.75	0.77	0.77	0.86	structures/output/WWF07834/WWF07834_model.cif
WWF07839	0.77	0.64	0.64	0.709	structures/output/WWF07839/WWF07839_model.cif
WWF07840	0.87	0.85	0.85	0.905	structures/output/WWF07840/WWF07840_model.cif
WWF07844	0.88	0.84	0.84	0.856	structures/output/WWF07844/WWF07844_model.cif
WWF07845	0.82	0.82	0.82	0.881	structures/output/WWF07845/WWF07845_model.cif
WWF07847	0.85	0.84	0.84	0.904	structures/output/WWF07847/WWF07847_model.cif
WWF07850	0.8	0.82	0.82	0.879	structures/output/WWF07850/WWF07850_model.cif
WWF07851	0.74	0.57	0.57	0.663	structures/output/WWF07851/WWF07851_model.cif
WWF07854	0.83	0.83	0.83	0.892	structures/output/WWF07854/WWF07854_model.cif
WWF07861	0.87	0.86	0.86	0.926	structures/output/WWF07861/WWF07861_model.cif
WWF07863	0.81	0.84	0.84	0.886	structures/output/WWF07863/WWF07863_model.cif
WWF07864	0.91	0.87	0.87	0.921	structures/output/WWF07864/WWF07864_model.cif
WWF07872	0.86	0.79	0.79	0.809	structures/output/WWF07872/WWF07872_model.cif
WWF07873	0.85	0.84	0.84	0.904	structures/output/WWF07873/WWF07873_model.cif
WWF07878	0.82	0.81	0.81	0.897	structures/output/WWF07878/WWF07878_model.cif
WWF07882	0.81	0.81	0.81	0.87	structures/output/WWF07882/WWF07882_model.cif
WWF07883	0.91	0.88	0.88	0.925	structures/output/WWF07883/WWF07883_model.cif
WWF07890	0.82	0.86	0.86	0.902	structures/output/WWF07890/WWF07890_model.cif
WWF07891	0.81	0.85	0.85	0.867	structures/output/WWF07891/WWF07891_model.cif
WWF07892	0.81	0.73	0.73	0.781	structures/output/WWF07892/WWF07892_model.cif
WWF07893	0.92	0.93	0.93	0.954	structures/output/WWF07893/WWF07893_model.cif
WWF07902	0.76	0.78	0.78	0.857	structures/output/WWF07902/WWF07902_model.cif
WWF07906	0.83	0.83	0.83	0.883	structures/output/WWF07906/WWF07906_model.cif
WWF07909	0.89	0.88	0.88	0.932	structures/output/WWF07909/WWF07909_model.cif
WWF07910	0.76	0.54	0.54	0.62	structures/output/WWF07910/WWF07910_model.cif
WWF07912	0.89	0.91	0.91	0.934	structures/output/WWF07912/WWF07912_model.cif
WWF07915	0.71	0.43	0.43	0.517	structures/output/WWF07915/WWF07915_model.cif
WWF07916	0.87	0.91	0.91	0.927	structures/output/WWF07916/WWF07916_model.cif
WWF07919	0.82	0.84	0.84	0.888	structures/output/WWF07919/WWF07919_model.cif
WWF07922	0.87	0.87	0.87	0.912	structures/output/WWF07922/WWF07922_model.cif
WWF07925	0.83	0.84	0.84	0.893	structures/output/WWF07925/WWF07925_model.cif
WWF07926	0.76	0.54	0.54	0.629	structures/output/WWF07926/WWF07926_model.cif
WWF07927	0.82	0.82	0.82	0.867	structures/output/WWF07927/WWF07927_model.cif
WWF07931	0.82	0.76	0.76	0.839	structures/output/WWF07931/WWF07931_model.cif
WWF07932	0.9	0.91	0.91	0.933	structures/output/WWF07932/WWF07932_model.cif
WWF07933	0.87	0.84	0.84	0.906	structures/output/WWF07933/WWF07933_model.cif
WWF07938	0.89	0.89	0.89	0.934	structures/output/WWF07938/WWF07938_model.cif
WWF07943	0.71	0.51	0.51	0.581	structures/output/WWF07943/WWF07943_model.cif
WWF07949	0.85	0.84	0.84	0.902	structures/output/WWF07949/WWF07949_model.cif
WWF07953	0.92	0.91	0.91	0.907	structures/output/WWF07953/WWF07953_model.cif
WWF07957	0.8	0.72	0.72	0.825	structures/output/WWF07957/WWF07957_model.cif
WWF07961	0.87	0.87	0.87	0.899	structures/output/WWF07961/WWF07961_model.cif
WWF07964	0.76	0.75	0.75	0.818	structures/output/WWF07964/WWF07964_model.cif
WWF07974	0.89	0.89	0.89	0.921	structures/output/WWF07974/WWF07974_model.cif
WWF07975	0.74	0.65	0.65	0.734	structures/output/WWF07975/WWF07975_model.cif
WWF07977	0.78	0.71	0.71	0.797	structures/output/WWF07977/WWF07977_model.cif
WWF07980	0.83	0.77	0.77	0.877	structures/output/WWF07980/WWF07980_model.cif
WWF07981	0.85	0.87	0.87	0.918	structures/output/WWF07981/WWF07981_model.cif
WWF07984	0.83	0.82	0.82	0.896	structures/output/WWF07984/WWF07984_model.cif
WWF07985	0.81	0.8	0.8	0.891	structures/output/WWF07985/WWF07985_model.cif
WWF07988	0.87	0.84	0.84	0.906	structures/output/WWF07988/WWF07988_model.cif
WWF07992	0.85	0.84	0.84	0.905	structures/output/WWF07992/WWF07992_model.cif
WWF07995	0.85	0.84	0.84	0.892	structures/output/WWF07995/WWF07995_model.cif
WWF07998	0.79	0.75	0.75	0.786	structures/output/WWF07998/WWF07998_model.cif
WWF08000	0.85	0.86	0.86	0.875	structures/output/WWF08000/WWF08000_model.cif
WWF08002	0.86	0.9	0.9	0.935	structures/output/WWF08002/WWF08002_model.cif
WWF08004	0.75	0.73	0.73	0.806	structures/output/WWF08004/WWF08004_model.cif
WWF08009	0.81	0.81	0.81	0.895	structures/output/WWF08009/WWF08009_model.cif
WWF08010	0.82	0.83	0.83	0.898	structures/output/WWF08010/WWF08010_model.cif
WWF08012	0.86	0.87	0.87	0.926	structures/output/WWF08012/WWF08012_model.cif
WWF08013	0.76	0.54	0.54	0.634	structures/output/WWF08013/WWF08013_model.cif
WWF08016	0.87	0.85	0.85	0.899	structures/output/WWF08016/WWF08016_model.cif
WWF08018	0.9	0.91	0.91	0.912	structures/output/WWF08018/WWF08018_model.cif
WWF08022	0.76	0.57	0.57	0.642	structures/output/WWF08022/WWF08022_model.cif
WWF08027	0.95	0.93	0.93	0.95	structures/output/WWF08027/WWF08027_model.cif
WWF08030	0.81	0.81	0.81	0.87	structures/output/WWF08030/WWF08030_model.cif
WWF08034	0.83	0.84	0.84	0.905	structures/output/WWF08034/WWF08034_model.cif
WWF08035	0.9	0.9	0.9	0.938	structures/output/WWF08035/WWF08035_model.cif
WWF08043	0.81	0.78	0.78	0.874	structures/output/WWF08043/WWF08043_model.cif
WWF08049	0.85	0.78	0.78	0.889	structures/output/WWF08049/WWF08049_model.cif
WWF08055	0.8	0.84	0.84	0.885	structures/output/WWF08055/WWF08055_model.cif
WWF08058	0.79	0.55	0.55	0.621	structures/output/WWF08058/WWF08058_model.cif
WWF08069	0.8	0.59	0.59	0.606	structures/output/WWF08069/WWF08069_model.cif
WWF08077	0.85	0.9	0.9	0.94	structures/output/WWF08077/WWF08077_model.cif
WWF08083	0.78	0.79	0.79	0.865	structures/output/WWF08083/WWF08083_model.cif
WWF08088	0.81	0.8	0.8	0.871	structures/output/WWF08088/WWF08088_model.cif
WWF08103	0.82	0.83	0.83	0.884	structures/output/WWF08103/WWF08103_model.cif
WWF08108	0.83	0.83	0.83	0.899	structures/output/WWF08108/WWF08108_model.cif
WWF08109	0.81	0.79	0.79	0.84	structures/output/WWF08109/WWF08109_model.cif
WWF08112	0.77	0.57	0.57	0.724	structures/output/WWF08112/WWF08112_model.cif
WWF08113	0.83	0.82	0.82	0.904	structures/output/WWF08113/WWF08113_model.cif
WWF08120	0.85	0.71	0.71	0.778	structures/output/WWF08120/WWF08120_model.cif
WWF08127	0.84	0.84	0.84	0.905	structures/output/WWF08127/WWF08127_model.cif
WWF08130	0.85	0.85	0.85	0.874	structures/output/WWF08130/WWF08130_model.cif
WWF08133	0.73	0.7	0.7	0.841	structures/output/WWF08133/WWF08133_model.cif
WWF08136	0.79	0.81	0.81	0.893	structures/output/WWF08136/WWF08136_model.cif
WWF08141	0.89	0.9	0.9	0.942	structures/output/WWF08141/WWF08141_model.cif
WWF08143	0.89	0.86	0.86	0.909	structures/output/WWF08143/WWF08143_model.cif
WWF08146	0.89	0.91	0.91	0.938	structures/output/WWF08146/WWF08146_model.cif
WWF08147	0.82	0.84	0.84	0.918	structures/output/WWF08147/WWF08147_model.cif
WWF08149	0.86	0.77	0.77	0.836	structures/output/WWF08149/WWF08149_model.cif
WWF08153	0.74	0.73	0.73	0.763	structures/output/WWF08153/WWF08153_model.cif
WWF08154	0.82	0.76	0.76	0.814	structures/output/WWF08154/WWF08154_model.cif
WWF08155	0.88	0.88	0.88	0.923	structures/output/WWF08155/WWF08155_model.cif
WWF08160	0.81	0.78	0.78	0.88	structures/output/WWF08160/WWF08160_model.cif
WWF08161	0.86	0.85	0.85	0.921	structures/output/WWF08161/WWF08161_model.cif
WWF08169	0.78	0.74	0.74	0.849	structures/output/WWF08169/WWF08169_model.cif
WWF08171	0.81	0.85	0.85	0.904	structures/output/WWF08171/WWF08171_model.cif
WWF08175	0.76	0.77	0.77	0.851	structures/output/WWF08175/WWF08175_model.cif
WWF08176	0.9	0.91	0.91	0.932	structures/output/WWF08176/WWF08176_model.cif
WWF08179	0.78	0.71	0.71	0.791	structures/output/WWF08179/WWF08179_model.cif
WWF08181	0.72	0.66	0.66	0.783	structures/output/WWF08181/WWF08181_model.cif
WWF08182	0.85	0.86	0.86	0.896	structures/output/WWF08182/WWF08182_model.cif
WWF08185	0.73	0.64	0.64	0.793	structures/output/WWF08185/WWF08185_model.cif
WWF08189	0.88	0.88	0.88	0.914	structures/output/WWF08189/WWF08189_model.cif
WWF08201	0.83	0.85	0.85	0.88	structures/output/WWF08201/WWF08201_model.cif
WWF08208	0.85	0.81	0.81	0.865	structures/output/WWF08208/WWF08208_model.cif
WWF08220	0.8	0.81	0.81	0.859	structures/output/WWF08220/WWF08220_model.cif
WWF08221	0.83	0.84	0.84	0.9	structures/output/WWF08221/WWF08221_model.cif
WWF08224	0.78	0.62	0.62	0.696	structures/output/WWF08224/WWF08224_model.cif
WWF08225	0.86	0.82	0.82	0.876	structures/output/WWF08225/WWF08225_model.cif
WWF08226	0.82	0.73	0.73	0.811	structures/output/WWF08226/WWF08226_model.cif
WWF08227	0.75	0.64	0.64	0.774	structures/output/WWF08227/WWF08227_model.cif
WWF08228	0.81	0.79	0.79	0.857	structures/output/WWF08228/WWF08228_model.cif
WWF08234	0.88	0.84	0.84	0.909	structures/output/WWF08234/WWF08234_model.cif
WWF08236	0.81	0.62	0.62	0.726	structures/output/WWF08236/WWF08236_model.cif
WWF08241	0.75	0.6	0.6	0.67	structures/output/WWF08241/WWF08241_model.cif
WWF08242	0.81	0.64	0.64	0.81	structures/output/WWF08242/WWF08242_model.cif
WWF08243	0.82	0.81	0.81	0.876	structures/output/WWF08243/WWF08243_model.cif
WWF08248	0.84	0.89	0.89	0.932	structures/output/WWF08248/WWF08248_model.cif
WWF08253	0.86	0.82	0.82	0.888	structures/output/WWF08253/WWF08253_model.cif
WWF08255	0.88	0.89	0.89	0.936	structures/output/WWF08255/WWF08255_model.cif
WWF08262	0.75	0.64	0.64	0.703	structures/output/WWF08262/WWF08262_model.cif
WWF08264	0.86	0.83	0.83	0.906	structures/output/WWF08264/WWF08264_model.cif
WWF08273	0.84	0.84	0.84	0.904	structures/output/WWF08273/WWF08273_model.cif
WWF08279	0.8	0.8	0.8	0.897	structures/output/WWF08279/WWF08279_model.cif
WWF08282	0.88	0.82	0.82	0.899	structures/output/WWF08282/WWF08282_model.cif
WWF08284	0.82	0.85	0.85	0.889	structures/output/WWF08284/WWF08284_model.cif
WWF08288	0.94	0.93	0.93	0.928	structures/output/WWF08288/WWF08288_model.cif
WWF08289	0.85	0.87	0.87	0.924	structures/output/WWF08289/WWF08289_model.cif
WWF08291	0.87	0.87	0.87	0.922	structures/output/WWF08291/WWF08291_model.cif
WWF08294	0.82	0.82	0.82	0.902	structures/output/WWF08294/WWF08294_model.cif
WWF08296	0.81	0.8	0.8	0.907	structures/output/WWF08296/WWF08296_model.cif
WWF08299	0.9	0.91	0.91	0.942	structures/output/WWF08299/WWF08299_model.cif
WWF08300	0.89	0.88	0.88	0.907	structures/output/WWF08300/WWF08300_model.cif
WWF08302	0.89	0.9	0.9	0.913	structures/output/WWF08302/WWF08302_model.cif
WWF08310	0.83	0.75	0.75	0.906	structures/output/WWF08310/WWF08310_model.cif
WWF08311	0.83	0.83	0.83	0.891	structures/output/WWF08311/WWF08311_model.cif
WWF08313	0.68	0.68	0.68	0.832	structures/output/WWF08313/WWF08313_model.cif
WWF08318	0.91	0.92	0.92	0.941	structures/output/WWF08318/WWF08318_model.cif
WWF08324	0.87	0.88	0.88	0.92	structures/output/WWF08324/WWF08324_model.cif
WWF08326	0.86	0.84	0.84	0.892	structures/output/WWF08326/WWF08326_model.cif
WWF08333	0.87	0.87	0.87	0.908	structures/output/WWF08333/WWF08333_model.cif
WWF08338	0.92	0.95	0.95	0.954	structures/output/WWF08338/WWF08338_model.cif
WWF08340	0.73	0.75	0.75	0.845	structures/output/WWF08340/WWF08340_model.cif
WWF08345	0.85	0.87	0.87	0.913	structures/output/WWF08345/WWF08345_model.cif
WWF08348	0.87	0.88	0.88	0.924	structures/output/WWF08348/WWF08348_model.cif
WWF08350	0.91	0.91	0.91	0.941	structures/output/WWF08350/WWF08350_model.cif
WWF08351	0.77	0.71	0.71	0.758	structures/output/WWF08351/WWF08351_model.cif
WWF08357	0.87	0.86	0.86	0.911	structures/output/WWF08357/WWF08357_model.cif
WWF08362	0.7	0.75	0.75	0.806	structures/output/WWF08362/WWF08362_model.cif
WWF08364	0.75	0.72	0.72	0.808	structures/output/WWF08364/WWF08364_model.cif
WWF08366	0.84	0.88	0.88	0.928	structures/output/WWF08366/WWF08366_model.cif
WWF08370	0.88	0.87	0.87	0.898	structures/output/WWF08370/WWF08370_model.cif
WWF08371	0.9	0.92	0.92	0.916	structures/output/WWF08371/WWF08371_model.cif
WWF08375	0.79	0.84	0.84	0.85	structures/output/WWF08375/WWF08375_model.cif
WWF08383	0.85	0.85	0.85	0.916	structures/output/WWF08383/WWF08383_model.cif
WWF08390	0.8	0.8	0.8	0.857	structures/output/WWF08390/WWF08390_model.cif
WWF08391	0.81	0.87	0.87	0.923	structures/output/WWF08391/WWF08391_model.cif
WWF08393	0.85	0.86	0.86	0.922	structures/output/WWF08393/WWF08393_model.cif
WWF08395	0.81	0.71	0.71	0.766	structures/output/WWF08395/WWF08395_model.cif
WWF08396	0.89	0.86	0.86	0.899	structures/output/WWF08396/WWF08396_model.cif
WWF08397	0.91	0.91	0.91	0.941	structures/output/WWF08397/WWF08397_model.cif
WWF08399	0.84	0.78	0.78	0.817	structures/output/WWF08399/WWF08399_model.cif
WWF08402	0.92	0.9	0.9	0.902	structures/output/WWF08402/WWF08402_model.cif
WWF08406	0.78	0.73	0.73	0.858	structures/output/WWF08406/WWF08406_model.cif
WWF08408	0.91	0.91	0.91	0.921	structures/output/WWF08408/WWF08408_model.cif
WWF08409	0.81	0.82	0.82	0.897	structures/output/WWF08409/WWF08409_model.cif
WWF08413	0.71	0.52	0.52	0.612	structures/output/WWF08413/WWF08413_model.cif
WWF08422	0.82	0.81	0.81	0.906	structures/output/WWF08422/WWF08422_model.cif
WWF08424	0.82	0.82	0.82	0.885	structures/output/WWF08424/WWF08424_model.cif
WWF08426	0.88	0.87	0.87	0.934	structures/output/WWF08426/WWF08426_model.cif
WWF08427	0.84	0.84	0.84	0.903	structures/output/WWF08427/WWF08427_model.cif
WWF08428	0.82	0.79	0.79	0.858	structures/output/WWF08428/WWF08428_model.cif
WWF08430	0.9	0.89	0.89	0.926	structures/output/WWF08430/WWF08430_model.cif
WWF08432	0.87	0.88	0.88	0.922	structures/output/WWF08432/WWF08432_model.cif
WWF08436	0.87	0.86	0.86	0.921	structures/output/WWF08436/WWF08436_model.cif
WWF08440	0.86	0.85	0.85	0.913	structures/output/WWF08440/WWF08440_model.cif
WWF08441	0.91	0.9	0.9	0.93	structures/output/WWF08441/WWF08441_model.cif
WWF08442	0.86	0.8	0.8	0.856	structures/output/WWF08442/WWF08442_model.cif
WWF08451	0.75	0.74	0.74	0.832	structures/output/WWF08451/WWF08451_model.cif
WWF08462	0.77	0.6	0.6	0.786	structures/output/WWF08462/WWF08462_model.cif
WWF08468	0.76	0.74	0.74	0.78	structures/output/WWF08468/WWF08468_model.cif
WWF08469	0.89	0.86	0.86	0.919	structures/output/WWF08469/WWF08469_model.cif
WWF08475	0.96	0.96	0.96	0.958	structures/output/WWF08475/WWF08475_model.cif
WWF08476	0.75	0.6	0.6	0.705	structures/output/WWF08476/WWF08476_model.cif
WWF08478	0.89	0.88	0.88	0.895	structures/output/WWF08478/WWF08478_model.cif
WWF08480	0.81	0.75	0.75	0.838	structures/output/WWF08480/WWF08480_model.cif
WWF08481	0.75	0.59	0.59	0.669	structures/output/WWF08481/WWF08481_model.cif
WWF08483	0.71	0.6	0.6	0.688	structures/output/WWF08483/WWF08483_model.cif
WWF08494	0.68	0.58	0.58	0.729	structures/output/WWF08494/WWF08494_model.cif
WWF08495	0.6	0.39	0.39	0.648	structures/output/WWF08495/WWF08495_model.cif
WWF08501	0.87	0.9	0.9	0.927	structures/output/WWF08501/WWF08501_model.cif
WWF08508	0.87	0.86	0.86	0.917	structures/output/WWF08508/WWF08508_model.cif
WWF08509	0.8	0.8	0.8	0.88	structures/output/WWF08509/WWF08509_model.cif
WWF08510	0.78	0.69	0.69	0.781	structures/output/WWF08510/WWF08510_model.cif
WWF08512	0.8	0.8	0.8	0.869	structures/output/WWF08512/WWF08512_model.cif
WWF08525	0.88	0.9	0.9	0.94	structures/output/WWF08525/WWF08525_model.cif
WWF08526	0.87	0.87	0.87	0.925	structures/output/WWF08526/WWF08526_model.cif
WWF08527	0.87	0.86	0.86	0.907	structures/output/WWF08527/WWF08527_model.cif
WWF08529	0.77	0.65	0.65	0.796	structures/output/WWF08529/WWF08529_model.cif
WWF08531	0.84	0.84	0.84	0.872	structures/output/WWF08531/WWF08531_model.cif
WWF08533	0.88	0.83	0.83	0.897	structures/output/WWF08533/WWF08533_model.cif
WWF08534	0.88	0.88	0.88	0.916	structures/output/WWF08534/WWF08534_model.cif
WWF08535	0.87	0.86	0.86	0.9	structures/output/WWF08535/WWF08535_model.cif
WWF08536	0.9	0.91	0.91	0.932	structures/output/WWF08536/WWF08536_model.cif
WWF08537	0.79	0.76	0.76	0.8	structures/output/WWF08537/WWF08537_model.cif
WWF08542	0.83	0.79	0.79	0.867	structures/output/WWF08542/WWF08542_model.cif
WWF08543	0.83	0.79	0.79	0.803	structures/output/WWF08543/WWF08543_model.cif
WWF08547	0.82	0.76	0.76	0.852	structures/output/WWF08547/WWF08547_model.cif
WWF08551	0.68	0.65	0.65	0.765	structures/output/WWF08551/WWF08551_model.cif
WWF08566	0.78	0.6	0.6	0.701	structures/output/WWF08566/WWF08566_model.cif
WWF08574	0.82	0.81	0.81	0.889	structures/output/WWF08574/WWF08574_model.cif
WWF08577	0.78	0.61	0.61	0.653	structures/output/WWF08577/WWF08577_model.cif
WWF08578	0.79	0.79	0.79	0.861	structures/output/WWF08578/WWF08578_model.cif
WWF08592	0.81	0.85	0.85	0.882	structures/output/WWF08592/WWF08592_model.cif
WWF08598	0.86	0.84	0.84	0.887	structures/output/WWF08598/WWF08598_model.cif
WWF08604	0.81	0.7	0.7	0.795	structures/output/WWF08604/WWF08604_model.cif
WWF08607	0.89	0.91	0.91	0.943	structures/output/WWF08607/WWF08607_model.cif
WWF08618	0.79	0.71	0.71	0.75	structures/output/WWF08618/WWF08618_model.cif
WWF08619	0.74	0.73	0.73	0.84	structures/output/WWF08619/WWF08619_model.cif
WWF08635	0.8	0.82	0.82	0.893	structures/output/WWF08635/WWF08635_model.cif
WWF08638	0.83	0.78	0.78	0.775	structures/output/WWF08638/WWF08638_model.cif
WWF08641	0.76	0.68	0.68	0.748	structures/output/WWF08641/WWF08641_model.cif
WWF08643	0.78	0.8	0.8	0.872	structures/output/WWF08643/WWF08643_model.cif
WWF08644	0.84	0.86	0.86	0.881	structures/output/WWF08644/WWF08644_model.cif
WWF08646	0.87	0.85	0.85	0.879	structures/output/WWF08646/WWF08646_model.cif
WWF08649	0.81	0.8	0.8	0.886	structures/output/WWF08649/WWF08649_model.cif
WWF08650	0.73	0.69	0.69	0.826	structures/output/WWF08650/WWF08650_model.cif
WWF08651	0.81	0.8	0.8	0.899	structures/output/WWF08651/WWF08651_model.cif
WWF08657	0.71	0.68	0.68	0.792	structures/output/WWF08657/WWF08657_model.cif
WWF08658	0.89	0.88	0.88	0.954	structures/output/WWF08658/WWF08658_model.cif
WWF08660	0.74	0.69	0.69	0.848	structures/output/WWF08660/WWF08660_model.cif
WWF08673	0.78	0.78	0.78	0.864	structures/output/WWF08673/WWF08673_model.cif
WWF08680	0.92	0.89	0.89	0.892	structures/output/WWF08680/WWF08680_model.cif
WWF08682	0.89	0.84	0.84	0.839	structures/output/WWF08682/WWF08682_model.cif
WWF08685	0.77	0.76	0.76	0.842	structures/output/WWF08685/WWF08685_model.cif
WWF08686	0.86	0.84	0.84	0.898	structures/output/WWF08686/WWF08686_model.cif
WWF08687	0.79	0.81	0.81	0.897	structures/output/WWF08687/WWF08687_model.cif
WWF08688	0.79	0.55	0.55	0.592	structures/output/WWF08688/WWF08688_model.cif
WWF08691	0.82	0.78	0.78	0.81	structures/output/WWF08691/WWF08691_model.cif
WWF08697	0.82	0.77	0.77	0.841	structures/output/WWF08697/WWF08697_model.cif
WWF08699	0.84	0.76	0.76	0.782	structures/output/WWF08699/WWF08699_model.cif
WWF08702	0.86	0.65	0.65	0.694	structures/output/WWF08702/WWF08702_model.cif
WWF08704	0.88	0.86	0.86	0.908	structures/output/WWF08704/WWF08704_model.cif
WWF08708	0.85	0.74	0.74	0.809	structures/output/WWF08708/WWF08708_model.cif
WWF08710	0.86	0.87	0.87	0.881	structures/output/WWF08710/WWF08710_model.cif
WWF08712	0.76	0.58	0.58	0.638	structures/output/WWF08712/WWF08712_model.cif
WWF08714	0.88	0.85	0.85	0.901	structures/output/WWF08714/WWF08714_model.cif
WWF08715	0.77	0.72	0.72	0.754	structures/output/WWF08715/WWF08715_model.cif
WWF08719	0.81	0.84	0.84	0.904	structures/output/WWF08719/WWF08719_model.cif
WWF08728	0.77	0.77	0.77	0.864	structures/output/WWF08728/WWF08728_model.cif
WWF08730	0.83	0.86	0.86	0.875	structures/output/WWF08730/WWF08730_model.cif
WWF08732	0.86	0.86	0.86	0.921	structures/output/WWF08732/WWF08732_model.cif
WWF08733	0.76	0.79	0.79	0.839	structures/output/WWF08733/WWF08733_model.cif
WWF08735	0.86	0.88	0.88	0.926	structures/output/WWF08735/WWF08735_model.cif
WWF08748	0.85	0.79	0.79	0.856	structures/output/WWF08748/WWF08748_model.cif
WWF08751	0.82	0.84	0.84	0.895	structures/output/WWF08751/WWF08751_model.cif
WWF08757	0.8	0.78	0.78	0.877	structures/output/WWF08757/WWF08757_model.cif
WWF08759	0.84	0.84	0.84	0.881	structures/output/WWF08759/WWF08759_model.cif
WWF08764	0.75	0.62	0.62	0.651	structures/output/WWF08764/WWF08764_model.cif
WWF08766	0.79	0.71	0.71	0.755	structures/output/WWF08766/WWF08766_model.cif
WWF08773	0.78	0.63	0.63	0.686	structures/output/WWF08773/WWF08773_model.cif
WWF08782	0.85	0.86	0.86	0.905	structures/output/WWF08782/WWF08782_model.cif
WWF08784	0.83	0.63	0.63	0.689	structures/output/WWF08784/WWF08784_model.cif
WWF08786	0.83	0.82	0.82	0.896	structures/output/WWF08786/WWF08786_model.cif
WWF08787	0.85	0.83	0.83	0.896	structures/output/WWF08787/WWF08787_model.cif
WWF08808	0.83	0.86	0.86	0.909	structures/output/WWF08808/WWF08808_model.cif
WWF08819	0.79	0.81	0.81	0.864	structures/output/WWF08819/WWF08819_model.cif
WWF08821	0.74	0.7	0.7	0.8	structures/output/WWF08821/WWF08821_model.cif
WWF08823	0.88	0.89	0.89	0.921	structures/output/WWF08823/WWF08823_model.cif
WWF08825	0.83	0.8	0.8	0.872	structures/output/WWF08825/WWF08825_model.cif
WWF08826	0.82	0.78	0.78	0.86	structures/output/WWF08826/WWF08826_model.cif
WWF08830	0.9	0.9	0.9	0.937	structures/output/WWF08830/WWF08830_model.cif
WWF08838	0.83	0.79	0.79	0.828	structures/output/WWF08838/WWF08838_model.cif
WWF08841	0.82	0.76	0.76	0.826	structures/output/WWF08841/WWF08841_model.cif
WWF08842	0.74	0.67	0.67	0.749	structures/output/WWF08842/WWF08842_model.cif
WWF08859	0.88	0.89	0.89	0.931	structures/output/WWF08859/WWF08859_model.cif
WWF08862	0.91	0.93	0.93	0.96	structures/output/WWF08862/WWF08862_model.cif
WWF08863	0.87	0.87	0.87	0.921	structures/output/WWF08863/WWF08863_model.cif
WWF08865	0.86	0.86	0.86	0.912	structures/output/WWF08865/WWF08865_model.cif
WWF08872	0.84	0.8	0.8	0.844	structures/output/WWF08872/WWF08872_model.cif
WWF08873	0.73	0.67	0.67	0.797	structures/output/WWF08873/WWF08873_model.cif
WWF08876	0.79	0.82	0.82	0.887	structures/output/WWF08876/WWF08876_model.cif
WWF08881	0.79	0.81	0.81	0.882	structures/output/WWF08881/WWF08881_model.cif
WWF08882	0.85	0.83	0.83	0.872	structures/output/WWF08882/WWF08882_model.cif
WWF08885	0.87	0.89	0.89	0.9	structures/output/WWF08885/WWF08885_model.cif
WWF08886	0.8	0.81	0.81	0.891	structures/output/WWF08886/WWF08886_model.cif
WWF08890	0.75	0.52	0.52	0.788	structures/output/WWF08890/WWF08890_model.cif
WWF08892	0.84	0.83	0.83	0.906	structures/output/WWF08892/WWF08892_model.cif
WWF08894	0.84	0.85	0.85	0.863	structures/output/WWF08894/WWF08894_model.cif
WWF08895	0.86	0.86	0.86	0.911	structures/output/WWF08895/WWF08895_model.cif
WWF08897	0.86	0.85	0.85	0.91	structures/output/WWF08897/WWF08897_model.cif
WWF08900	0.9	0.88	0.88	0.879	structures/output/WWF08900/WWF08900_model.cif
WWF08901	0.85	0.67	0.67	0.693	structures/output/WWF08901/WWF08901_model.cif
WWF08904	0.9	0.9	0.9	0.948	structures/output/WWF08904/WWF08904_model.cif
WWF08905	0.84	0.85	0.85	0.907	structures/output/WWF08905/WWF08905_model.cif
WWF08906	0.88	0.87	0.87	0.931	structures/output/WWF08906/WWF08906_model.cif
WWF08910	0.96	0.96	0.96	0.961	structures/output/WWF08910/WWF08910_model.cif
WWF08919	0.89	0.85	0.85	0.875	structures/output/WWF08919/WWF08919_model.cif
WWF08920	0.87	0.86	0.86	0.925	structures/output/WWF08920/WWF08920_model.cif
WWF08925	0.83	0.84	0.84	0.887	structures/output/WWF08925/WWF08925_model.cif
WWF08929	0.82	0.82	0.82	0.894	structures/output/WWF08929/WWF08929_model.cif
WWF08930	0.84	0.85	0.85	0.905	structures/output/WWF08930/WWF08930_model.cif
WWF08941	0.84	0.74	0.74	0.804	structures/output/WWF08941/WWF08941_model.cif
WWF08942	0.77	0.65	0.65	0.754	structures/output/WWF08942/WWF08942_model.cif
WWF08945	0.73	0.57	0.57	0.713	structures/output/WWF08945/WWF08945_model.cif
WWF08947	0.9	0.89	0.89	0.933	structures/output/WWF08947/WWF08947_model.cif
WWF08951	0.89	0.86	0.86	0.904	structures/output/WWF08951/WWF08951_model.cif
WWF08960	0.83	0.82	0.82	0.904	structures/output/WWF08960/WWF08960_model.cif
WWF08963	0.82	0.8	0.8	0.902	structures/output/WWF08963/WWF08963_model.cif
WWF08966	0.81	0.6	0.6	0.691	structures/output/WWF08966/WWF08966_model.cif
WWF08968	0.86	0.72	0.72	0.718	structures/output/WWF08968/WWF08968_model.cif
WWF08970	0.79	0.82	0.82	0.882	structures/output/WWF08970/WWF08970_model.cif
WWF08973	0.89	0.89	0.89	0.932	structures/output/WWF08973/WWF08973_model.cif
WWF08974	0.76	0.66	0.66	0.852	structures/output/WWF08974/WWF08974_model.cif
WWF08979	0.85	0.85	0.85	0.912	structures/output/WWF08979/WWF08979_model.cif
WWF08983	0.85	0.84	0.84	0.916	structures/output/WWF08983/WWF08983_model.cif
WWF08985	0.78	0.81	0.81	0.856	structures/output/WWF08985/WWF08985_model.cif
WWF08987	0.72	0.7	0.7	0.781	structures/output/WWF08987/WWF08987_model.cif
WWF08994	0.88	0.91	0.91	0.932	structures/output/WWF08994/WWF08994_model.cif
WWF08997	0.85	0.88	0.88	0.929	structures/output/WWF08997/WWF08997_model.cif
WWF09001	0.8	0.75	0.75	0.799	structures/output/WWF09001/WWF09001_model.cif
WWF09002	0.89	0.82	0.82	0.849	structures/output/WWF09002/WWF09002_model.cif
WWF09004	0.88	0.87	0.87	0.92	structures/output/WWF09004/WWF09004_model.cif
WWF09005	0.75	0.78	0.78	0.837	structures/output/WWF09005/WWF09005_model.cif
WWF09010	0.84	0.84	0.84	0.9	structures/output/WWF09010/WWF09010_model.cif
WWF09011	0.78	0.57	0.57	0.633	structures/output/WWF09011/WWF09011_model.cif
WWF09013	0.87	0.85	0.85	0.928	structures/output/WWF09013/WWF09013_model.cif
WWF09019	0.84	0.83	0.83	0.916	structures/output/WWF09019/WWF09019_model.cif
WWF09020	0.78	0.63	0.63	0.685	structures/output/WWF09020/WWF09020_model.cif
WWF09021	0.79	0.56	0.56	0.665	structures/output/WWF09021/WWF09021_model.cif
WWF09022	0.82	0.8	0.8	0.891	structures/output/WWF09022/WWF09022_model.cif
WWF09023	0.89	0.91	0.91	0.936	structures/output/WWF09023/WWF09023_model.cif
WWF09031	0.72	0.67	0.67	0.833	structures/output/WWF09031/WWF09031_model.cif
WWF09042	0.89	0.87	0.87	0.924	structures/output/WWF09042/WWF09042_model.cif
WWF09043	0.89	0.93	0.93	0.952	structures/output/WWF09043/WWF09043_model.cif
WWF09044	0.83	0.84	0.84	0.918	structures/output/WWF09044/WWF09044_model.cif
WWF09047	0.89	0.9	0.9	0.944	structures/output/WWF09047/WWF09047_model.cif
WWF09051	0.82	0.82	0.82	0.881	structures/output/WWF09051/WWF09051_model.cif
WWF09053	0.9	0.84	0.84	0.896	structures/output/WWF09053/WWF09053_model.cif
WWF09060	0.89	0.84	0.84	0.909	structures/output/WWF09060/WWF09060_model.cif
WWF09063	0.84	0.83	0.83	0.887	structures/output/WWF09063/WWF09063_model.cif
WWF09065	0.75	0.54	0.54	0.604	structures/output/WWF09065/WWF09065_model.cif
WWF09072	0.87	0.86	0.86	0.922	structures/output/WWF09072/WWF09072_model.cif
WWF09076	0.88	0.86	0.86	0.916	structures/output/WWF09076/WWF09076_model.cif
WWF09077	0.87	0.85	0.85	0.89	structures/output/WWF09077/WWF09077_model.cif
WWF09078	0.79	0.77	0.77	0.868	structures/output/WWF09078/WWF09078_model.cif
WWF09080	0.86	0.66	0.66	0.728	structures/output/WWF09080/WWF09080_model.cif
WWF09082	0.85	0.81	0.81	0.86	structures/output/WWF09082/WWF09082_model.cif
WWF09084	0.76	0.61	0.61	0.667	structures/output/WWF09084/WWF09084_model.cif
WWF09085	0.85	0.86	0.86	0.92	structures/output/WWF09085/WWF09085_model.cif
WWF09086	0.83	0.81	0.81	0.898	structures/output/WWF09086/WWF09086_model.cif
WWF09088	0.83	0.8	0.8	0.878	structures/output/WWF09088/WWF09088_model.cif
WWF09093	0.82	0.79	0.79	0.886	structures/output/WWF09093/WWF09093_model.cif
WWF09094	0.76	0.65	0.65	0.735	structures/output/WWF09094/WWF09094_model.cif
WWF09096	0.86	0.8	0.8	0.924	structures/output/WWF09096/WWF09096_model.cif
WWF09103	0.88	0.9	0.9	0.927	structures/output/WWF09103/WWF09103_model.cif
WWF09104	0.78	0.8	0.8	0.881	structures/output/WWF09104/WWF09104_model.cif
WWF09105	0.9	0.89	0.89	0.929	structures/output/WWF09105/WWF09105_model.cif
WWF09115	0.81	0.81	0.81	0.885	structures/output/WWF09115/WWF09115_model.cif
WWF09118	0.82	0.67	0.67	0.742	structures/output/WWF09118/WWF09118_model.cif
WWF09122	0.87	0.88	0.88	0.926	structures/output/WWF09122/WWF09122_model.cif
WWF09125	0.89	0.92	0.92	0.95	structures/output/WWF09125/WWF09125_model.cif
WWF09127	0.83	0.75	0.75	0.776	structures/output/WWF09127/WWF09127_model.cif
WWF09128	0.75	0.54	0.54	0.596	structures/output/WWF09128/WWF09128_model.cif
WWF09131	0.86	0.84	0.84	0.926	structures/output/WWF09131/WWF09131_model.cif
WWF09133	0.82	0.8	0.8	0.843	structures/output/WWF09133/WWF09133_model.cif
WWF09136	0.87	0.87	0.87	0.924	structures/output/WWF09136/WWF09136_model.cif
WWF09137	0.85	0.81	0.81	0.928	structures/output/WWF09137/WWF09137_model.cif
WWF09142	0.79	0.79	0.79	0.878	structures/output/WWF09142/WWF09142_model.cif
WWF09147	0.84	0.83	0.83	0.909	structures/output/WWF09147/WWF09147_model.cif
WWF09154	0.77	0.76	0.76	0.823	structures/output/WWF09154/WWF09154_model.cif
WWF09176	0.77	0.77	0.77	0.848	structures/output/WWF09176/WWF09176_model.cif
WWF09177	0.82	0.77	0.77	0.887	structures/output/WWF09177/WWF09177_model.cif
WWF09182	0.91	0.91	0.91	0.931	structures/output/WWF09182/WWF09182_model.cif
WWF09186	0.83	0.78	0.78	0.841	structures/output/WWF09186/WWF09186_model.cif
WWF09188	0.78	0.8	0.8	0.866	structures/output/WWF09188/WWF09188_model.cif
WWF09190	0.91	0.89	0.89	0.926	structures/output/WWF09190/WWF09190_model.cif
WWF09191	0.81	0.84	0.84	0.856	structures/output/WWF09191/WWF09191_model.cif
WWF09194	0.84	0.83	0.83	0.899	structures/output/WWF09194/WWF09194_model.cif
WWF09197	0.83	0.81	0.81	0.878	structures/output/WWF09197/WWF09197_model.cif
WWF09198	0.91	0.89	0.89	0.947	structures/output/WWF09198/WWF09198_model.cif
WWF09199	0.79	0.78	0.78	0.875	structures/output/WWF09199/WWF09199_model.cif
WWF09204	0.81	0.8	0.8	0.903	structures/output/WWF09204/WWF09204_model.cif
WWF09206	0.88	0.87	0.87	0.887	structures/output/WWF09206/WWF09206_model.cif
WWF09208	0.81	0.86	0.86	0.902	structures/output/WWF09208/WWF09208_model.cif
WWF09209	0.82	0.84	0.84	0.905	structures/output/WWF09209/WWF09209_model.cif
WWF09216	0.75	0.64	0.64	0.727	structures/output/WWF09216/WWF09216_model.cif
WWF09224	0.81	0.82	0.82	0.902	structures/output/WWF09224/WWF09224_model.cif
WWF09225	0.76	0.79	0.79	0.844	structures/output/WWF09225/WWF09225_model.cif
WWF09233	0.91	0.9	0.9	0.917	structures/output/WWF09233/WWF09233_model.cif
WWF09245	0.89	0.87	0.87	0.935	structures/output/WWF09245/WWF09245_model.cif
WWF09253	0.83	0.79	0.79	0.861	structures/output/WWF09253/WWF09253_model.cif
WWF09254	0.92	0.92	0.92	0.944	structures/output/WWF09254/WWF09254_model.cif
WWF09258	0.78	0.75	0.75	0.786	structures/output/WWF09258/WWF09258_model.cif
WWF09260	0.81	0.79	0.79	0.799	structures/output/WWF09260/WWF09260_model.cif
WWF09261	0.85	0.81	0.81	0.843	structures/output/WWF09261/WWF09261_model.cif
WWF09273	0.91	0.93	0.93	0.945	structures/output/WWF09273/WWF09273_model.cif
WWF09281	0.86	0.89	0.89	0.927	structures/output/WWF09281/WWF09281_model.cif
WWF09282	0.89	0.87	0.87	0.942	structures/output/WWF09282/WWF09282_model.cif
WWF09290	0.77	0.72	0.72	0.732	structures/output/WWF09290/WWF09290_model.cif
WWF09303	0.9	0.87	0.87	0.929	structures/output/WWF09303/WWF09303_model.cif
WWF09307	0.89	0.89	0.89	0.92	structures/output/WWF09307/WWF09307_model.cif
WWF09313	0.77	0.73	0.73	0.866	structures/output/WWF09313/WWF09313_model.cif
WWF09325	0.85	0.86	0.86	0.909	structures/output/WWF09325/WWF09325_model.cif
WWF09331	0.91	0.92	0.92	0.961	structures/output/WWF09331/WWF09331_model.cif
WWF09333	0.89	0.89	0.89	0.932	structures/output/WWF09333/WWF09333_model.cif
WWF09336	0.91	0.93	0.93	0.949	structures/output/WWF09336/WWF09336_model.cif
WWF09337	0.85	0.84	0.84	0.917	structures/output/WWF09337/WWF09337_model.cif
WWF09338	0.8	0.82	0.82	0.886	structures/output/WWF09338/WWF09338_model.cif
WWF09340	0.85	0.86	0.86	0.905	structures/output/WWF09340/WWF09340_model.cif
WWF09343	0.86	0.85	0.85	0.914	structures/output/WWF09343/WWF09343_model.cif
WWF09348	0.83	0.81	0.81	0.892	structures/output/WWF09348/WWF09348_model.cif
WWF09351	0.85	0.82	0.82	0.859	structures/output/WWF09351/WWF09351_model.cif
WWF09359	0.89	0.87	0.87	0.924	structures/output/WWF09359/WWF09359_model.cif
WWF09369	0.9	0.88	0.88	0.932	structures/output/WWF09369/WWF09369_model.cif
WWF09373	0.81	0.74	0.74	0.789	structures/output/WWF09373/WWF09373_model.cif
WWF09375	0.83	0.82	0.82	0.902	structures/output/WWF09375/WWF09375_model.cif
WWF09376	0.92	0.91	0.91	0.937	structures/output/WWF09376/WWF09376_model.cif
WWF09381	0.9	0.9	0.9	0.937	structures/output/WWF09381/WWF09381_model.cif
WWF09383	0.84	0.81	0.81	0.879	structures/output/WWF09383/WWF09383_model.cif
WWF09384	0.84	0.79	0.79	0.818	structures/output/WWF09384/WWF09384_model.cif
WWF09393	0.84	0.86	0.86	0.909	structures/output/WWF09393/WWF09393_model.cif
WWF09397	0.85	0.82	0.82	0.91	structures/output/WWF09397/WWF09397_model.cif
WWF09403	0.87	0.87	0.87	0.893	structures/output/WWF09403/WWF09403_model.cif
WWF09405	0.81	0.77	0.77	0.853	structures/output/WWF09405/WWF09405_model.cif
WWF09410	0.76	0.76	0.76	0.804	structures/output/WWF09410/WWF09410_model.cif
WWF09418	0.93	0.92	0.92	0.954	structures/output/WWF09418/WWF09418_model.cif
WWF09419	0.8	0.68	0.68	0.739	structures/output/WWF09419/WWF09419_model.cif
WWF09423	0.81	0.82	0.82	0.837	structures/output/WWF09423/WWF09423_model.cif
WWF09427	0.88	0.9	0.9	0.928	structures/output/WWF09427/WWF09427_model.cif
WWF09430	0.82	0.84	0.84	0.847	structures/output/WWF09430/WWF09430_model.cif
WWF09432	0.88	0.87	0.87	0.917	structures/output/WWF09432/WWF09432_model.cif
WWF09439	0.86	0.83	0.83	0.87	structures/output/WWF09439/WWF09439_model.cif
WWF09442	0.76	0.77	0.77	0.891	structures/output/WWF09442/WWF09442_model.cif
WWF09443	0.88	0.86	0.86	0.915	structures/output/WWF09443/WWF09443_model.cif
WWF09451	0.78	0.81	0.81	0.873	structures/output/WWF09451/WWF09451_model.cif
WWF09452	0.74	0.74	0.74	0.835	structures/output/WWF09452/WWF09452_model.cif
WWF09453	0.85	0.85	0.85	0.901	structures/output/WWF09453/WWF09453_model.cif
WWF09460	0.8	0.84	0.84	0.884	structures/output/WWF09460/WWF09460_model.cif
WWF09465	0.82	0.84	0.84	0.904	structures/output/WWF09465/WWF09465_model.cif
WWF09466	0.88	0.89	0.89	0.923	structures/output/WWF09466/WWF09466_model.cif
WWF09469	0.86	0.88	0.88	0.931	structures/output/WWF09469/WWF09469_model.cif
WWF09479	0.83	0.83	0.83	0.876	structures/output/WWF09479/WWF09479_model.cif
WWF09482	0.87	0.88	0.88	0.896	structures/output/WWF09482/WWF09482_model.cif
WWF09486	0.83	0.82	0.82	0.901	structures/output/WWF09486/WWF09486_model.cif
WWF09488	0.87	0.9	0.9	0.923	structures/output/WWF09488/WWF09488_model.cif
WWF09489	0.83	0.8	0.8	0.877	structures/output/WWF09489/WWF09489_model.cif
WWF09501	0.86	0.88	0.88	0.927	structures/output/WWF09501/WWF09501_model.cif
WWF09504	0.78	0.77	0.77	0.885	structures/output/WWF09504/WWF09504_model.cif
WWF09512	0.92	0.92	0.92	0.953	structures/output/WWF09512/WWF09512_model.cif
WWF09514	0.8	0.7	0.7	0.761	structures/output/WWF09514/WWF09514_model.cif
WWF09518	0.76	0.73	0.73	0.847	structures/output/WWF09518/WWF09518_model.cif
WWF09520	0.93	0.94	0.94	0.939	structures/output/WWF09520/WWF09520_model.cif
WWF09521	0.85	0.83	0.83	0.891	structures/output/WWF09521/WWF09521_model.cif
WWF09525	0.86	0.82	0.82	0.856	structures/output/WWF09525/WWF09525_model.cif
WWF09532	0.78	0.69	0.69	0.747	structures/output/WWF09532/WWF09532_model.cif
WWF09535	0.83	0.83	0.83	0.899	structures/output/WWF09535/WWF09535_model.cif
WWF09541	0.84	0.84	0.84	0.907	structures/output/WWF09541/WWF09541_model.cif
WWF09542	0.84	0.86	0.86	0.91	structures/output/WWF09542/WWF09542_model.cif
WWF09550	0.84	0.84	0.84	0.902	structures/output/WWF09550/WWF09550_model.cif
WWF09554	0.76	0.62	0.62	0.801	structures/output/WWF09554/WWF09554_model.cif
WWF09555	0.83	0.8	0.8	0.883	structures/output/WWF09555/WWF09555_model.cif
WWF09557	0.78	0.81	0.81	0.896	structures/output/WWF09557/WWF09557_model.cif
WWF09563	0.83	0.77	0.77	0.866	structures/output/WWF09563/WWF09563_model.cif
WWF09567	0.97	0.96	0.96	0.962	structures/output/WWF09567/WWF09567_model.cif
WWF09572	0.87	0.87	0.87	0.914	structures/output/WWF09572/WWF09572_model.cif
WWF09580	0.89	0.91	0.91	0.912	structures/output/WWF09580/WWF09580_model.cif
WWF09584	0.89	0.88	0.88	0.935	structures/output/WWF09584/WWF09584_model.cif
WWF09587	0.89	0.9	0.9	0.933	structures/output/WWF09587/WWF09587_model.cif
WWF09592	0.82	0.83	0.83	0.911	structures/output/WWF09592/WWF09592_model.cif
WWF09594	0.9	0.89	0.89	0.923	structures/output/WWF09594/WWF09594_model.cif
WWF09596	0.86	0.85	0.85	0.916	structures/output/WWF09596/WWF09596_model.cif
WWF09599	0.77	0.73	0.73	0.763	structures/output/WWF09599/WWF09599_model.cif
WWF09600	0.83	0.69	0.69	0.717	structures/output/WWF09600/WWF09600_model.cif
WWF09604	0.89	0.86	0.86	0.892	structures/output/WWF09604/WWF09604_model.cif
WWF09606	0.78	0.81	0.81	0.891	structures/output/WWF09606/WWF09606_model.cif
WWF09609	0.89	0.87	0.87	0.887	structures/output/WWF09609/WWF09609_model.cif
WWF09610	0.88	0.88	0.88	0.931	structures/output/WWF09610/WWF09610_model.cif
WWF09612	0.78	0.75	0.75	0.88	structures/output/WWF09612/WWF09612_model.cif
WWF09614	0.85	0.82	0.82	0.9	structures/output/WWF09614/WWF09614_model.cif
WWF09615	0.79	0.78	0.78	0.87	structures/output/WWF09615/WWF09615_model.cif
WWF09616	0.8	0.8	0.8	0.858	structures/output/WWF09616/WWF09616_model.cif
WWF09619	0.81	0.79	0.79	0.843	structures/output/WWF09619/WWF09619_model.cif
WWF09623	0.83	0.8	0.8	0.886	structures/output/WWF09623/WWF09623_model.cif
WWF09625	0.89	0.89	0.89	0.92	structures/output/WWF09625/WWF09625_model.cif
WWF09627	0.88	0.88	0.88	0.929	structures/output/WWF09627/WWF09627_model.cif
WWF09630	0.8	0.63	0.63	0.685	structures/output/WWF09630/WWF09630_model.cif
WWF09631	0.88	0.86	0.86	0.902	structures/output/WWF09631/WWF09631_model.cif
WWF09634	0.87	0.76	0.76	0.764	structures/output/WWF09634/WWF09634_model.cif
WWF09636	0.76	0.7	0.7	0.852	structures/output/WWF09636/WWF09636_model.cif
WWF09638	0.75	0.67	0.67	0.768	structures/output/WWF09638/WWF09638_model.cif
WWF09639	0.87	0.87	0.87	0.93	structures/output/WWF09639/WWF09639_model.cif
WWF09640	0.83	0.83	0.83	0.891	structures/output/WWF09640/WWF09640_model.cif
WWF09658	0.88	0.9	0.9	0.911	structures/output/WWF09658/WWF09658_model.cif
WWF09659	0.83	0.82	0.82	0.886	structures/output/WWF09659/WWF09659_model.cif
WWF09660	0.77	0.53	0.53	0.752	structures/output/WWF09660/WWF09660_model.cif
WWF09672	0.81	0.82	0.82	0.876	structures/output/WWF09672/WWF09672_model.cif
WWF09673	0.88	0.89	0.89	0.934	structures/output/WWF09673/WWF09673_model.cif
WWF09674	0.78	0.8	0.8	0.879	structures/output/WWF09674/WWF09674_model.cif
WWF09675	0.81	0.7	0.7	0.721	structures/output/WWF09675/WWF09675_model.cif
WWF09676	0.84	0.83	0.83	0.902	structures/output/WWF09676/WWF09676_model.cif
WWF09680	0.78	0.63	0.63	0.675	structures/output/WWF09680/WWF09680_model.cif
WWF09682	0.87	0.84	0.84	0.903	structures/output/WWF09682/WWF09682_model.cif
WWF09684	0.83	0.75	0.75	0.811	structures/output/WWF09684/WWF09684_model.cif
WWF09689	0.88	0.87	0.87	0.925	structures/output/WWF09689/WWF09689_model.cif
WWF09690	0.87	0.79	0.79	0.883	structures/output/WWF09690/WWF09690_model.cif
WWF09693	0.91	0.92	0.92	0.919	structures/output/WWF09693/WWF09693_model.cif
WWF09702	0.88	0.83	0.83	0.919	structures/output/WWF09702/WWF09702_model.cif
WWF09705	0.79	0.81	0.81	0.896	structures/output/WWF09705/WWF09705_model.cif
WWF09709	0.88	0.85	0.85	0.897	structures/output/WWF09709/WWF09709_model.cif
WWF09711	0.87	0.88	0.88	0.911	structures/output/WWF09711/WWF09711_model.cif
WWF09721	0.81	0.83	0.83	0.914	structures/output/WWF09721/WWF09721_model.cif
WWF09722	0.77	0.83	0.83	0.879	structures/output/WWF09722/WWF09722_model.cif
WWF09727	0.84	0.85	0.85	0.891	structures/output/WWF09727/WWF09727_model.cif
WWF09728	0.84	0.69	0.69	0.801	structures/output/WWF09728/WWF09728_model.cif
WWF09738	0.86	0.87	0.87	0.92	structures/output/WWF09738/WWF09738_model.cif
WWF09742	0.81	0.83	0.83	0.876	structures/output/WWF09742/WWF09742_model.cif
WWF09743	0.9	0.88	0.88	0.932	structures/output/WWF09743/WWF09743_model.cif
WWF09752	0.77	0.8	0.8	0.856	structures/output/WWF09752/WWF09752_model.cif
WWF09757	0.82	0.82	0.82	0.856	structures/output/WWF09757/WWF09757_model.cif
WWF09758	0.83	0.82	0.82	0.888	structures/output/WWF09758/WWF09758_model.cif
WWF09759	0.8	0.8	0.8	0.846	structures/output/WWF09759/WWF09759_model.cif
WWF09762	0.81	0.81	0.81	0.874	structures/output/WWF09762/WWF09762_model.cif
WWF09763	0.84	0.83	0.83	0.905	structures/output/WWF09763/WWF09763_model.cif
WWF09768	0.88	0.9	0.9	0.903	structures/output/WWF09768/WWF09768_model.cif
WWF09772	0.89	0.9	0.9	0.951	structures/output/WWF09772/WWF09772_model.cif
WWF09784	0.76	0.73	0.73	0.796	structures/output/WWF09784/WWF09784_model.cif
WWF09786	0.69	0.54	0.54	0.627	structures/output/WWF09786/WWF09786_model.cif
WWF09787	0.87	0.87	0.87	0.882	structures/output/WWF09787/WWF09787_model.cif
WWF09792	0.77	0.64	0.64	0.729	structures/output/WWF09792/WWF09792_model.cif
WWF09796	0.81	0.77	0.77	0.843	structures/output/WWF09796/WWF09796_model.cif
WWF09801	0.91	0.89	0.89	0.922	structures/output/WWF09801/WWF09801_model.cif
WWF09806	0.86	0.88	0.88	0.924	structures/output/WWF09806/WWF09806_model.cif
WWF09807	0.83	0.79	0.79	0.848	structures/output/WWF09807/WWF09807_model.cif
WWF09812	0.87	0.88	0.88	0.91	structures/output/WWF09812/WWF09812_model.cif
WWF09818	0.84	0.82	0.82	0.829	structures/output/WWF09818/WWF09818_model.cif
WWF09822	0.89	0.9	0.9	0.934	structures/output/WWF09822/WWF09822_model.cif
WWF09824	0.86	0.89	0.89	0.906	structures/output/WWF09824/WWF09824_model.cif
WWF09829	0.85	0.84	0.84	0.884	structures/output/WWF09829/WWF09829_model.cif
WWF09854	0.85	0.86	0.86	0.887	structures/output/WWF09854/WWF09854_model.cif
WWF09860	0.79	0.75	0.75	0.798	structures/output/WWF09860/WWF09860_model.cif
WWF09868	0.87	0.85	0.85	0.896	structures/output/WWF09868/WWF09868_model.cif
WWF09871	0.77	0.73	0.73	0.792	structures/output/WWF09871/WWF09871_model.cif
WWF09875	0.76	0.54	0.54	0.623	structures/output/WWF09875/WWF09875_model.cif
WWF09883	0.91	0.89	0.89	0.934	structures/output/WWF09883/WWF09883_model.cif
WWF09886	0.91	0.89	0.89	0.89	structures/output/WWF09886/WWF09886_model.cif
WWF09889	0.74	0.65	0.65	0.714	structures/output/WWF09889/WWF09889_model.cif
WWF09896	0.88	0.87	0.87	0.924	structures/output/WWF09896/WWF09896_model.cif
WWF09897	0.87	0.86	0.86	0.923	structures/output/WWF09897/WWF09897_model.cif
WWF09899	0.83	0.84	0.84	0.895	structures/output/WWF09899/WWF09899_model.cif
WWF09903	0.83	0.81	0.81	0.9	structures/output/WWF09903/WWF09903_model.cif
WWF09905	0.88	0.89	0.89	0.925	structures/output/WWF09905/WWF09905_model.cif
WWF09908	0.84	0.84	0.84	0.864	structures/output/WWF09908/WWF09908_model.cif
WWF09910	0.8	0.78	0.78	0.843	structures/output/WWF09910/WWF09910_model.cif
WWF09911	0.75	0.64	0.64	0.709	structures/output/WWF09911/WWF09911_model.cif
WWF09913	0.76	0.53	0.53	0.619	structures/output/WWF09913/WWF09913_model.cif
WWF09914	0.94	0.95	0.95	0.946	structures/output/WWF09914/WWF09914_model.cif
WWF09915	0.71	0.72	0.72	0.811	structures/output/WWF09915/WWF09915_model.cif
WWF09918	0.84	0.86	0.86	0.873	structures/output/WWF09918/WWF09918_model.cif
WWF09921	0.87	0.85	0.85	0.92	structures/output/WWF09921/WWF09921_model.cif
WWF09922	0.86	0.85	0.85	0.906	structures/output/WWF09922/WWF09922_model.cif
WWF09924	0.83	0.84	0.84	0.871	structures/output/WWF09924/WWF09924_model.cif
WWF09927	0.76	0.65	0.65	0.762	structures/output/WWF09927/WWF09927_model.cif
WWF09928	0.76	0.64	0.64	0.732	structures/output/WWF09928/WWF09928_model.cif
WWF09931	0.85	0.84	0.84	0.906	structures/output/WWF09931/WWF09931_model.cif
WWF09934	0.87	0.87	0.87	0.926	structures/output/WWF09934/WWF09934_model.cif
WWF09936	0.77	0.77	0.77	0.874	structures/output/WWF09936/WWF09936_model.cif
WWF09937	0.83	0.85	0.85	0.894	structures/output/WWF09937/WWF09937_model.cif
WWF09939	0.9	0.89	0.89	0.942	structures/output/WWF09939/WWF09939_model.cif
WWF09942	0.76	0.72	0.72	0.779	structures/output/WWF09942/WWF09942_model.cif
WWF09944	0.76	0.7	0.7	0.784	structures/output/WWF09944/WWF09944_model.cif
WWF09945	0.88	0.87	0.87	0.916	structures/output/WWF09945/WWF09945_model.cif
WWF09947	0.83	0.74	0.74	0.759	structures/output/WWF09947/WWF09947_model.cif
WWF09952	0.88	0.88	0.88	0.924	structures/output/WWF09952/WWF09952_model.cif
WWF09966	0.75	0.7	0.7	0.808	structures/output/WWF09966/WWF09966_model.cif
WWF09973	0.91	0.9	0.9	0.91	structures/output/WWF09973/WWF09973_model.cif
WWF09978	0.81	0.77	0.77	0.793	structures/output/WWF09978/WWF09978_model.cif
WWF09984	0.81	0.82	0.82	0.895	structures/output/WWF09984/WWF09984_model.cif
WWF09986	0.82	0.74	0.74	0.861	structures/output/WWF09986/WWF09986_model.cif
WWF09990	0.84	0.86	0.86	0.894	structures/output/WWF09990/WWF09990_model.cif
WWF10008	0.83	0.8	0.8	0.866	structures/output/WWF10008/WWF10008_model.cif
WWF10016	0.72	0.7	0.7	0.811	structures/output/WWF10016/WWF10016_model.cif
WWF10019	0.73	0.56	0.56	0.7	structures/output/WWF10019/WWF10019_model.cif
WWF10024	0.76	0.59	0.59	0.666	structures/output/WWF10024/WWF10024_model.cif
WWF10026	0.84	0.85	0.85	0.916	structures/output/WWF10026/WWF10026_model.cif
WWF10031	0.84	0.87	0.87	0.906	structures/output/WWF10031/WWF10031_model.cif
WWF10035	0.74	0.62	0.62	0.686	structures/output/WWF10035/WWF10035_model.cif
WWF10037	0.84	0.78	0.78	0.815	structures/output/WWF10037/WWF10037_model.cif
WWF10040	0.88	0.87	0.87	0.893	structures/output/WWF10040/WWF10040_model.cif
WWF10042	0.81	0.78	0.78	0.884	structures/output/WWF10042/WWF10042_model.cif
WWF10046	0.84	0.69	0.69	0.697	structures/output/WWF10046/WWF10046_model.cif
WWF10048	0.84	0.78	0.78	0.866	structures/output/WWF10048/WWF10048_model.cif
WWF10052	0.83	0.85	0.85	0.895	structures/output/WWF10052/WWF10052_model.cif
WWF10056	0.85	0.85	0.85	0.908	structures/output/WWF10056/WWF10056_model.cif
WWF10060	0.8	0.79	0.79	0.872	structures/output/WWF10060/WWF10060_model.cif
WWF10061	0.95	0.91	0.91	0.907	structures/output/WWF10061/WWF10061_model.cif
WWF10062	0.83	0.83	0.83	0.891	structures/output/WWF10062/WWF10062_model.cif
WWF10063	0.89	0.91	0.91	0.928	structures/output/WWF10063/WWF10063_model.cif
WWF10064	0.84	0.82	0.82	0.886	structures/output/WWF10064/WWF10064_model.cif
WWF10068	0.77	0.76	0.76	0.83	structures/output/WWF10068/WWF10068_model.cif
WWF10070	0.88	0.88	0.88	0.916	structures/output/WWF10070/WWF10070_model.cif
WWF10073	0.75	0.74	0.74	0.849	structures/output/WWF10073/WWF10073_model.cif
WWF10074	0.81	0.82	0.82	0.906	structures/output/WWF10074/WWF10074_model.cif
WWF10076	0.89	0.88	0.88	0.919	structures/output/WWF10076/WWF10076_model.cif
WWF10078	0.93	0.92	0.92	0.917	structures/output/WWF10078/WWF10078_model.cif
WWF10080	0.83	0.7	0.7	0.786	structures/output/WWF10080/WWF10080_model.cif
WWF10081	0.88	0.87	0.87	0.872	structures/output/WWF10081/WWF10081_model.cif
WWF10087	0.8	0.83	0.83	0.911	structures/output/WWF10087/WWF10087_model.cif
WWF10092	0.82	0.8	0.8	0.889	structures/output/WWF10092/WWF10092_model.cif
WWF10097	0.83	0.75	0.75	0.839	structures/output/WWF10097/WWF10097_model.cif
WWF10113	0.78	0.61	0.61	0.682	structures/output/WWF10113/WWF10113_model.cif
WWF10129	0.83	0.87	0.87	0.909	structures/output/WWF10129/WWF10129_model.cif
WWF10144	0.91	0.91	0.91	0.94	structures/output/WWF10144/WWF10144_model.cif
WWF10154	0.87	0.86	0.86	0.914	structures/output/WWF10154/WWF10154_model.cif
WWF10157	0.84	0.82	0.82	0.885	structures/output/WWF10157/WWF10157_model.cif
WWF10158	0.84	0.87	0.87	0.907	structures/output/WWF10158/WWF10158_model.cif
WWF10164	0.65	0.43	0.43	0.701	structures/output/WWF10164/WWF10164_model.cif
WWF10165	0.88	0.9	0.9	0.917	structures/output/WWF10165/WWF10165_model.cif
WWF10167	0.84	0.83	0.83	0.897	structures/output/WWF10167/WWF10167_model.cif
WWF10186	0.88	0.87	0.87	0.9	structures/output/WWF10186/WWF10186_model.cif
WWF10190	0.87	0.87	0.87	0.909	structures/output/WWF10190/WWF10190_model.cif
WWF10191	0.82	0.7	0.7	0.774	structures/output/WWF10191/WWF10191_model.cif
WWF10192	0.87	0.85	0.85	0.891	structures/output/WWF10192/WWF10192_model.cif
WWF10193	0.8	0.71	0.71	0.774	structures/output/WWF10193/WWF10193_model.cif
WWF10196	0.75	0.52	0.52	0.618	structures/output/WWF10196/WWF10196_model.cif
WWF10199	0.9	0.8	0.8	0.804	structures/output/WWF10199/WWF10199_model.cif
WWF10206	0.83	0.85	0.85	0.889	structures/output/WWF10206/WWF10206_model.cif
WWF10207	0.82	0.8	0.8	0.857	structures/output/WWF10207/WWF10207_model.cif
WWF10215	0.72	0.56	0.56	0.783	structures/output/WWF10215/WWF10215_model.cif
WWF10220	0.79	0.6	0.6	0.78	structures/output/WWF10220/WWF10220_model.cif
WWF10224	0.79	0.81	0.81	0.832	structures/output/WWF10224/WWF10224_model.cif
WWF10225	0.9	0.89	0.89	0.918	structures/output/WWF10225/WWF10225_model.cif
WWF10228	0.8	0.76	0.76	0.816	structures/output/WWF10228/WWF10228_model.cif
WWF10229	0.82	0.85	0.85	0.91	structures/output/WWF10229/WWF10229_model.cif
WWF10230	0.84	0.78	0.78	0.785	structures/output/WWF10230/WWF10230_model.cif
WWF10246	0.82	0.57	0.57	0.635	structures/output/WWF10246/WWF10246_model.cif
WWF10247	0.7	0.54	0.54	0.701	structures/output/WWF10247/WWF10247_model.cif
WWF10248	0.93	0.94	0.94	0.958	structures/output/WWF10248/WWF10248_model.cif
WWF10261	0.84	0.85	0.85	0.909	structures/output/WWF10261/WWF10261_model.cif
WWF10262	0.9	0.9	0.9	0.95	structures/output/WWF10262/WWF10262_model.cif
WWF10267	0.71	0.65	0.65	0.791	structures/output/WWF10267/WWF10267_model.cif
WWF10268	0.76	0.65	0.65	0.828	structures/output/WWF10268/WWF10268_model.cif
WWF10271	0.82	0.8	0.8	0.863	structures/output/WWF10271/WWF10271_model.cif
WWF10272	0.85	0.83	0.83	0.86	structures/output/WWF10272/WWF10272_model.cif
WWF10274	0.74	0.61	0.61	0.83	structures/output/WWF10274/WWF10274_model.cif
WWF10275	0.83	0.8	0.8	0.824	structures/output/WWF10275/WWF10275_model.cif
WWF10283	0.85	0.85	0.85	0.903	structures/output/WWF10283/WWF10283_model.cif
WWF10285	0.85	0.84	0.84	0.891	structures/output/WWF10285/WWF10285_model.cif
WWF10297	0.86	0.85	0.85	0.88	structures/output/WWF10297/WWF10297_model.cif
WWF10298	0.86	0.86	0.86	0.922	structures/output/WWF10298/WWF10298_model.cif
WWF10301	0.86	0.84	0.84	0.899	structures/output/WWF10301/WWF10301_model.cif
WWF10302	0.79	0.81	0.81	0.865	structures/output/WWF10302/WWF10302_model.cif
WWF10306	0.76	0.68	0.68	0.845	structures/output/WWF10306/WWF10306_model.cif
WWF10307	0.9	0.9	0.9	0.937	structures/output/WWF10307/WWF10307_model.cif
WWF10318	0.8	0.79	0.79	0.853	structures/output/WWF10318/WWF10318_model.cif
WWF10323	0.88	0.82	0.82	0.839	structures/output/WWF10323/WWF10323_model.cif
WWF10326	0.79	0.69	0.69	0.72	structures/output/WWF10326/WWF10326_model.cif
WWF10328	0.64	0.65	0.65	0.751	structures/output/WWF10328/WWF10328_model.cif
WWF10329	0.79	0.59	0.59	0.678	structures/output/WWF10329/WWF10329_model.cif
WWF10333	0.78	0.79	0.79	0.838	structures/output/WWF10333/WWF10333_model.cif
WWF10345	0.8	0.76	0.76	0.877	structures/output/WWF10345/WWF10345_model.cif
WWF10353	0.85	0.86	0.86	0.924	structures/output/WWF10353/WWF10353_model.cif
WWF10357	0.74	0.6	0.6	0.798	structures/output/WWF10357/WWF10357_model.cif
WWF10360	0.83	0.77	0.77	0.868	structures/output/WWF10360/WWF10360_model.cif
WWF10365	0.82	0.66	0.66	0.657	structures/output/WWF10365/WWF10365_model.cif
WWF10366	0.85	0.81	0.81	0.817	structures/output/WWF10366/WWF10366_model.cif
WWF10371	0.8	0.85	0.85	0.874	structures/output/WWF10371/WWF10371_model.cif
WWF10376	0.77	0.75	0.75	0.829	structures/output/WWF10376/WWF10376_model.cif
WWF10377	0.8	0.85	0.85	0.887	structures/output/WWF10377/WWF10377_model.cif
WWF10387	0.78	0.82	0.82	0.876	structures/output/WWF10387/WWF10387_model.cif
WWF10389	0.8	0.72	0.72	0.798	structures/output/WWF10389/WWF10389_model.cif
WWF10390	0.88	0.85	0.85	0.908	structures/output/WWF10390/WWF10390_model.cif
WWF10393	0.81	0.8	0.8	0.842	structures/output/WWF10393/WWF10393_model.cif
WWF10394	0.9	0.92	0.92	0.939	structures/output/WWF10394/WWF10394_model.cif
WWF10399	0.83	0.82	0.82	0.879	structures/output/WWF10399/WWF10399_model.cif
WWF10400	0.91	0.9	0.9	0.937	structures/output/WWF10400/WWF10400_model.cif
WWF10402	0.84	0.82	0.82	0.912	structures/output/WWF10402/WWF10402_model.cif
WWF10406	0.82	0.83	0.83	0.898	structures/output/WWF10406/WWF10406_model.cif
WWF10407	0.86	0.85	0.85	0.916	structures/output/WWF10407/WWF10407_model.cif
WWF10409	0.91	0.91	0.91	0.942	structures/output/WWF10409/WWF10409_model.cif
WWF10410	0.86	0.86	0.86	0.907	structures/output/WWF10410/WWF10410_model.cif
WWF10412	0.93	0.93	0.93	0.948	structures/output/WWF10412/WWF10412_model.cif
WWF10414	0.84	0.88	0.88	0.914	structures/output/WWF10414/WWF10414_model.cif
WWF10420	0.82	0.68	0.68	0.7	structures/output/WWF10420/WWF10420_model.cif
WWF10421	0.72	0.75	0.75	0.843	structures/output/WWF10421/WWF10421_model.cif
WWF10423	0.76	0.76	0.76	0.818	structures/output/WWF10423/WWF10423_model.cif
WWF10424	0.72	0.76	0.76	0.839	structures/output/WWF10424/WWF10424_model.cif
WWF10430	0.85	0.81	0.81	0.843	structures/output/WWF10430/WWF10430_model.cif
WWF10431	0.82	0.85	0.85	0.919	structures/output/WWF10431/WWF10431_model.cif
WWF10435	0.82	0.82	0.82	0.897	structures/output/WWF10435/WWF10435_model.cif
WWF10441	0.83	0.79	0.79	0.862	structures/output/WWF10441/WWF10441_model.cif
WWF10447	0.88	0.88	0.88	0.937	structures/output/WWF10447/WWF10447_model.cif
WWF10448	0.86	0.82	0.82	0.924	structures/output/WWF10448/WWF10448_model.cif
WWF10449	0.79	0.87	0.87	0.903	structures/output/WWF10449/WWF10449_model.cif
WWF10450	0.87	0.84	0.84	0.88	structures/output/WWF10450/WWF10450_model.cif
WWF10453	0.88	0.89	0.89	0.94	structures/output/WWF10453/WWF10453_model.cif
WWF10462	0.8	0.67	0.67	0.806	structures/output/WWF10462/WWF10462_model.cif
WWF10464	0.88	0.87	0.87	0.921	structures/output/WWF10464/WWF10464_model.cif
WWF10465	0.83	0.83	0.83	0.877	structures/output/WWF10465/WWF10465_model.cif
WWF10468	0.84	0.83	0.83	0.876	structures/output/WWF10468/WWF10468_model.cif
WWF10469	0.86	0.87	0.87	0.915	structures/output/WWF10469/WWF10469_model.cif
WWF10473	0.89	0.93	0.93	0.93	structures/output/WWF10473/WWF10473_model.cif
WWF10478	0.8	0.64	0.64	0.733	structures/output/WWF10478/WWF10478_model.cif
WWF10486	0.82	0.69	0.69	0.743	structures/output/WWF10486/WWF10486_model.cif
WWF10487	0.86	0.89	0.89	0.93	structures/output/WWF10487/WWF10487_model.cif
WWF10491	0.82	0.8	0.8	0.853	structures/output/WWF10491/WWF10491_model.cif
WWF10495	0.89	0.87	0.87	0.907	structures/output/WWF10495/WWF10495_model.cif
WWF10499	0.82	0.75	0.75	0.79	structures/output/WWF10499/WWF10499_model.cif
WWF10500	0.83	0.74	0.74	0.806	structures/output/WWF10500/WWF10500_model.cif
WWF10501	0.86	0.87	0.87	0.92	structures/output/WWF10501/WWF10501_model.cif
WWF10502	0.88	0.82	0.82	0.929	structures/output/WWF10502/WWF10502_model.cif
WWF10507	0.69	0.58	0.58	0.753	structures/output/WWF10507/WWF10507_model.cif
WWF10519	0.77	0.71	0.71	0.797	structures/output/WWF10519/WWF10519_model.cif
WWF10521	0.78	0.73	0.73	0.785	structures/output/WWF10521/WWF10521_model.cif
WWF10523	0.86	0.81	0.81	0.873	structures/output/WWF10523/WWF10523_model.cif
WWF10524	0.72	0.61	0.61	0.785	structures/output/WWF10524/WWF10524_model.cif
WWF10538	0.72	0.73	0.73	0.771	structures/output/WWF10538/WWF10538_model.cif
WWF10542	0.84	0.82	0.82	0.875	structures/output/WWF10542/WWF10542_model.cif
WWF10543	0.8	0.79	0.79	0.838	structures/output/WWF10543/WWF10543_model.cif
WWF10545	0.79	0.78	0.78	0.776	structures/output/WWF10545/WWF10545_model.cif
WWF10547	0.86	0.84	0.84	0.886	structures/output/WWF10547/WWF10547_model.cif
WWF10552	0.75	0.73	0.73	0.808	structures/output/WWF10552/WWF10552_model.cif
WWF10553	0.78	0.62	0.62	0.702	structures/output/WWF10553/WWF10553_model.cif
WWF10559	0.86	0.9	0.9	0.927	structures/output/WWF10559/WWF10559_model.cif
WWF10563	0.83	0.84	0.84	0.903	structures/output/WWF10563/WWF10563_model.cif
WWF10567	0.87	0.88	0.88	0.916	structures/output/WWF10567/WWF10567_model.cif
WWF10568	0.82	0.85	0.85	0.89	structures/output/WWF10568/WWF10568_model.cif
WWF10569	0.73	0.71	0.71	0.765	structures/output/WWF10569/WWF10569_model.cif
WWF10576	0.88	0.88	0.88	0.911	structures/output/WWF10576/WWF10576_model.cif
WWF10578	0.93	0.93	0.93	0.932	structures/output/WWF10578/WWF10578_model.cif
WWF10581	0.87	0.86	0.86	0.915	structures/output/WWF10581/WWF10581_model.cif
WWF10584	0.72	0.65	0.65	0.744	structures/output/WWF10584/WWF10584_model.cif
WWF10588	0.87	0.87	0.87	0.927	structures/output/WWF10588/WWF10588_model.cif
WWF10590	0.78	0.82	0.82	0.891	structures/output/WWF10590/WWF10590_model.cif
WWF10591	0.84	0.81	0.81	0.892	structures/output/WWF10591/WWF10591_model.cif
WWF10595	0.81	0.83	0.83	0.847	structures/output/WWF10595/WWF10595_model.cif
WWF10596	0.76	0.76	0.76	0.813	structures/output/WWF10596/WWF10596_model.cif
WWF10598	0.77	0.68	0.68	0.774	structures/output/WWF10598/WWF10598_model.cif
WWF10599	0.91	0.9	0.9	0.944	structures/output/WWF10599/WWF10599_model.cif
WWF10600	0.87	0.86	0.86	0.923	structures/output/WWF10600/WWF10600_model.cif
WWF10603	0.85	0.83	0.83	0.905	structures/output/WWF10603/WWF10603_model.cif
WWF10605	0.87	0.85	0.85	0.92	structures/output/WWF10605/WWF10605_model.cif
WWF10609	0.85	0.83	0.83	0.88	structures/output/WWF10609/WWF10609_model.cif
WWF10612	0.84	0.81	0.81	0.894	structures/output/WWF10612/WWF10612_model.cif
WWF10616	0.82	0.79	0.79	0.88	structures/output/WWF10616/WWF10616_model.cif
WWF10617	0.87	0.9	0.9	0.917	structures/output/WWF10617/WWF10617_model.cif
WWF10620	0.78	0.82	0.82	0.843	structures/output/WWF10620/WWF10620_model.cif
WWF10623	0.89	0.88	0.88	0.925	structures/output/WWF10623/WWF10623_model.cif
WWF10625	0.83	0.85	0.85	0.856	structures/output/WWF10625/WWF10625_model.cif
WWF10645	0.89	0.89	0.89	0.933	structures/output/WWF10645/WWF10645_model.cif
WWF10648	0.71	0.58	0.58	0.687	structures/output/WWF10648/WWF10648_model.cif
WWF10649	0.82	0.81	0.81	0.894	structures/output/WWF10649/WWF10649_model.cif
WWF10651	0.78	0.78	0.78	0.86	structures/output/WWF10651/WWF10651_model.cif
WWF10652	0.9	0.93	0.93	0.945	structures/output/WWF10652/WWF10652_model.cif
WWF10653	0.85	0.84	0.84	0.895	structures/output/WWF10653/WWF10653_model.cif
WWF10655	0.91	0.92	0.92	0.962	structures/output/WWF10655/WWF10655_model.cif
WWF10662	0.87	0.87	0.87	0.872	structures/output/WWF10662/WWF10662_model.cif
WWF10667	0.87	0.87	0.87	0.91	structures/output/WWF10667/WWF10667_model.cif
WWF10673	0.83	0.72	0.72	0.825	structures/output/WWF10673/WWF10673_model.cif
WWF10675	0.88	0.89	0.89	0.926	structures/output/WWF10675/WWF10675_model.cif
WWF10678	0.86	0.84	0.84	0.914	structures/output/WWF10678/WWF10678_model.cif
WWF10679	0.87	0.91	0.91	0.918	structures/output/WWF10679/WWF10679_model.cif
WWF10680	0.77	0.8	0.8	0.841	structures/output/WWF10680/WWF10680_model.cif
WWF10681	0.81	0.57	0.57	0.588	structures/output/WWF10681/WWF10681_model.cif
WWF10690	0.8	0.74	0.74	0.756	structures/output/WWF10690/WWF10690_model.cif
WWF10694	0.8	0.65	0.65	0.705	structures/output/WWF10694/WWF10694_model.cif
WWF10701	0.94	0.94	0.94	0.941	structures/output/WWF10701/WWF10701_model.cif
WWF10702	0.84	0.85	0.85	0.911	structures/output/WWF10702/WWF10702_model.cif
WWF10708	0.92	0.93	0.93	0.93	structures/output/WWF10708/WWF10708_model.cif
WWF10709	0.73	0.62	0.62	0.719	structures/output/WWF10709/WWF10709_model.cif
WWF10710	0.83	0.84	0.84	0.885	structures/output/WWF10710/WWF10710_model.cif
WWF10876	0.89	0.88	0.88	0.932	structures/output/WWF10876/WWF10876_model.cif
WWF10889	0.83	0.65	0.65	0.687	structures/output/WWF10889/WWF10889_model.cif
WWF10896	0.87	0.85	0.85	0.91	structures/output/WWF10896/WWF10896_model.cif
WWF10911	0.84	0.85	0.85	0.906	structures/output/WWF10911/WWF10911_model.cif
WWF10921	0.79	0.8	0.8	0.858	structures/output/WWF10921/WWF10921_model.cif
WWF10922	0.82	0.81	0.81	0.858	structures/output/WWF10922/WWF10922_model.cif
WWF10928	0.86	0.83	0.83	0.891	structures/output/WWF10928/WWF10928_model.cif
WWF10929	0.6	0.54	0.54	0.689	structures/output/WWF10929/WWF10929_model.cif
WWF10932	0.57	0.41	0.41	0.804	structures/output/WWF10932/WWF10932_model.cif
WWF10934	0.91	0.91	0.91	0.952	structures/output/WWF10934/WWF10934_model.cif
WWF10935	0.86	0.85	0.85	0.916	structures/output/WWF10935/WWF10935_model.cif
WWF10945	0.87	0.85	0.85	0.907	structures/output/WWF10945/WWF10945_model.cif
WWF10949	0.83	0.81	0.81	0.884	structures/output/WWF10949/WWF10949_model.cif
WWF11012	0.77	0.6	0.6	0.7	structures/output/WWF11012/WWF11012_model.cif
WWF11016	0.85	0.89	0.89	0.93	structures/output/WWF11016/WWF11016_model.cif
WWF11020	0.9	0.9	0.9	0.934	structures/output/WWF11020/WWF11020_model.cif
WWF11103	0.83	0.82	0.82	0.904	structures/output/WWF11103/WWF11103_model.cif
WWF11121	0.82	0.66	0.66	0.711	structures/output/WWF11121/WWF11121_model.cif
WWF11142	0.86	0.84	0.84	0.876	structures/output/WWF11142/WWF11142_model.cif
WWF11145	0.73	0.53	0.53	0.61	structures/output/WWF11145/WWF11145_model.cif
WWF11151	0.7	0.62	0.62	0.774	structures/output/WWF11151/WWF11151_model.cif
WWF11166	0.75	0.67	0.67	0.747	structures/output/WWF11166/WWF11166_model.cif
WWF11177	0.73	0.78	0.78	0.852	structures/output/WWF11177/WWF11177_model.cif
WWF11183	0.83	0.7	0.7	0.722	structures/output/WWF11183/WWF11183_model.cif
WWF11185	0.94	0.92	0.92	0.954	structures/output/WWF11185/WWF11185_model.cif
WWF11191	0.73	0.76	0.76	0.846	structures/output/WWF11191/WWF11191_model.cif
WWF11197	0.63	0.59	0.59	0.73	structures/output/WWF11197/WWF11197_model.cif
WWF11216	0.78	0.64	0.64	0.712	structures/output/WWF11216/WWF11216_model.cif
WWF11224	0.79	0.77	0.77	0.796	structures/output/WWF11224/WWF11224_model.cif
WWF11240	0.78	0.78	0.78	0.859	structures/output/WWF11240/WWF11240_model.cif
WWF11244	0.82	0.75	0.75	0.859	structures/output/WWF11244/WWF11244_model.cif
WWF11250	0.87	0.87	0.87	0.917	structures/output/WWF11250/WWF11250_model.cif
WWF11256	0.82	0.79	0.79	0.851	structures/output/WWF11256/WWF11256_model.cif
WWF11284	0.84	0.82	0.82	0.905	structures/output/WWF11284/WWF11284_model.cif
WWF11288	0.8	0.71	0.71	0.884	structures/output/WWF11288/WWF11288_model.cif
WWF11290	0.87	0.85	0.85	0.916	structures/output/WWF11290/WWF11290_model.cif
WWF11294	0.78	0.79	0.79	0.839	structures/output/WWF11294/WWF11294_model.cif
WWF11295	0.87	0.83	0.83	0.877	structures/output/WWF11295/WWF11295_model.cif
WWF11296	0.85	0.85	0.85	0.906	structures/output/WWF11296/WWF11296_model.cif
WWF11297	0.8	0.8	0.8	0.883	structures/output/WWF11297/WWF11297_model.cif
WWF11301	0.89	0.88	0.88	0.928	structures/output/WWF11301/WWF11301_model.cif
WWF11302	0.69	0.78	0.78	0.836	structures/output/WWF11302/WWF11302_model.cif
WWF11309	0.84	0.87	0.87	0.913	structures/output/WWF11309/WWF11309_model.cif
WWF11319	0.92	0.93	0.93	0.956	structures/output/WWF11319/WWF11319_model.cif
WWF11326	0.85	0.89	0.89	0.926	structures/output/WWF11326/WWF11326_model.cif
WWF11330	0.76	0.78	0.78	0.866	structures/output/WWF11330/WWF11330_model.cif
WWF11331	0.85	0.81	0.81	0.868	structures/output/WWF11331/WWF11331_model.cif
WWF11341	0.86	0.86	0.86	0.914	structures/output/WWF11341/WWF11341_model.cif
WWF11350	0.81	0.83	0.83	0.879	structures/output/WWF11350/WWF11350_model.cif
WWF11355	0.77	0.78	0.78	0.846	structures/output/WWF11355/WWF11355_model.cif
WWF11356	0.89	0.89	0.89	0.927	structures/output/WWF11356/WWF11356_model.cif
WWF11357	0.84	0.86	0.86	0.901	structures/output/WWF11357/WWF11357_model.cif
WWF11359	0.71	0.71	0.71	0.788	structures/output/WWF11359/WWF11359_model.cif
WWF11363	0.81	0.85	0.85	0.894	structures/output/WWF11363/WWF11363_model.cif
WWF11367	0.9	0.93	0.93	0.936	structures/output/WWF11367/WWF11367_model.cif
WWF11369	0.85	0.86	0.86	0.916	structures/output/WWF11369/WWF11369_model.cif
WWF11374	0.78	0.84	0.84	0.902	structures/output/WWF11374/WWF11374_model.cif
WWF11387	0.81	0.82	0.82	0.878	structures/output/WWF11387/WWF11387_model.cif
WWF11393	0.82	0.7	0.7	0.733	structures/output/WWF11393/WWF11393_model.cif
WWF11398	0.84	0.88	0.88	0.935	structures/output/WWF11398/WWF11398_model.cif
WWF11399	0.72	0.77	0.77	0.876	structures/output/WWF11399/WWF11399_model.cif
WWF11401	0.72	0.71	0.71	0.822	structures/output/WWF11401/WWF11401_model.cif
WWF11403	0.82	0.71	0.71	0.772	structures/output/WWF11403/WWF11403_model.cif
WWF11407	0.78	0.78	0.78	0.856	structures/output/WWF11407/WWF11407_model.cif
WWF11408	0.8	0.81	0.81	0.879	structures/output/WWF11408/WWF11408_model.cif
WWF11414	0.83	0.84	0.84	0.909	structures/output/WWF11414/WWF11414_model.cif
WWF11417	0.74	0.62	0.62	0.698	structures/output/WWF11417/WWF11417_model.cif
WWF11428	0.84	0.83	0.83	0.905	structures/output/WWF11428/WWF11428_model.cif
WWF11430	0.86	0.87	0.87	0.912	structures/output/WWF11430/WWF11430_model.cif
WWF11432	0.75	0.61	0.61	0.718	structures/output/WWF11432/WWF11432_model.cif
WWF11434	0.77	0.69	0.69	0.755	structures/output/WWF11434/WWF11434_model.cif
WWF11437	0.83	0.67	0.67	0.713	structures/output/WWF11437/WWF11437_model.cif
WWF11445	0.87	0.86	0.86	0.924	structures/output/WWF11445/WWF11445_model.cif
WWF11448	0.81	0.56	0.56	0.632	structures/output/WWF11448/WWF11448_model.cif
WWF11449	0.86	0.86	0.86	0.897	structures/output/WWF11449/WWF11449_model.cif
WWF11456	0.76	0.79	0.79	0.827	structures/output/WWF11456/WWF11456_model.cif
WWF11461	0.74	0.68	0.68	0.754	structures/output/WWF11461/WWF11461_model.cif
WWF11462	0.85	0.88	0.88	0.912	structures/output/WWF11462/WWF11462_model.cif
WWF11465	0.75	0.74	0.74	0.814	structures/output/WWF11465/WWF11465_model.cif
WWF11469	0.84	0.81	0.81	0.908	structures/output/WWF11469/WWF11469_model.cif
WWF11471	0.76	0.71	0.71	0.8	structures/output/WWF11471/WWF11471_model.cif
WWF11472	0.84	0.84	0.84	0.903	structures/output/WWF11472/WWF11472_model.cif
WWF11482	0.87	0.87	0.87	0.919	structures/output/WWF11482/WWF11482_model.cif
WWF11488	0.93	0.93	0.93	0.961	structures/output/WWF11488/WWF11488_model.cif
WWF11495	0.8	0.76	0.76	0.83	structures/output/WWF11495/WWF11495_model.cif
WWF11503	0.81	0.78	0.78	0.816	structures/output/WWF11503/WWF11503_model.cif
WWF11508	0.78	0.77	0.77	0.82	structures/output/WWF11508/WWF11508_model.cif
WWF11509	0.81	0.83	0.83	0.898	structures/output/WWF11509/WWF11509_model.cif
WWF11510	0.83	0.85	0.85	0.91	structures/output/WWF11510/WWF11510_model.cif
WWF11513	0.8	0.74	0.74	0.805	structures/output/WWF11513/WWF11513_model.cif
WWF11518	0.8	0.81	0.81	0.879	structures/output/WWF11518/WWF11518_model.cif
WWF11523	0.89	0.88	0.88	0.918	structures/output/WWF11523/WWF11523_model.cif
WWF11527	0.85	0.82	0.82	0.902	structures/output/WWF11527/WWF11527_model.cif
WWF11533	0.83	0.85	0.85	0.904	structures/output/WWF11533/WWF11533_model.cif
WWF11534	0.85	0.84	0.84	0.899	structures/output/WWF11534/WWF11534_model.cif
WWF11539	0.87	0.9	0.9	0.93	structures/output/WWF11539/WWF11539_model.cif
WWF11540	0.88	0.86	0.86	0.897	structures/output/WWF11540/WWF11540_model.cif
WWF11547	0.86	0.82	0.82	0.899	structures/output/WWF11547/WWF11547_model.cif
WWF11550	0.82	0.78	0.78	0.875	structures/output/WWF11550/WWF11550_model.cif
WWF11551	0.84	0.86	0.86	0.913	structures/output/WWF11551/WWF11551_model.cif
WWF11552	0.9	0.92	0.92	0.936	structures/output/WWF11552/WWF11552_model.cif
WWF11555	0.85	0.71	0.71	0.776	structures/output/WWF11555/WWF11555_model.cif
WWF11558	0.81	0.8	0.8	0.898	structures/output/WWF11558/WWF11558_model.cif
WWF11559	0.9	0.89	0.89	0.932	structures/output/WWF11559/WWF11559_model.cif
WWF11563	0.82	0.77	0.77	0.887	structures/output/WWF11563/WWF11563_model.cif
WWF11564	0.83	0.83	0.83	0.882	structures/output/WWF11564/WWF11564_model.cif
WWF11566	0.88	0.88	0.88	0.934	structures/output/WWF11566/WWF11566_model.cif
WWF11569	0.83	0.74	0.74	0.799	structures/output/WWF11569/WWF11569_model.cif
WWF11573	0.85	0.86	0.86	0.912	structures/output/WWF11573/WWF11573_model.cif
WWF11574	0.75	0.56	0.56	0.69	structures/output/WWF11574/WWF11574_model.cif
WWF11578	0.82	0.8	0.8	0.845	structures/output/WWF11578/WWF11578_model.cif
WWF11579	0.84	0.82	0.82	0.888	structures/output/WWF11579/WWF11579_model.cif
WWF11581	0.84	0.83	0.83	0.897	structures/output/WWF11581/WWF11581_model.cif
WWF11588	0.84	0.84	0.84	0.871	structures/output/WWF11588/WWF11588_model.cif
WWF11593	0.82	0.81	0.81	0.9	structures/output/WWF11593/WWF11593_model.cif
WWF11596	0.79	0.78	0.78	0.841	structures/output/WWF11596/WWF11596_model.cif
WWF11599	0.89	0.88	0.88	0.933	structures/output/WWF11599/WWF11599_model.cif
WWF11602	0.89	0.87	0.87	0.935	structures/output/WWF11602/WWF11602_model.cif
WWF11605	0.87	0.84	0.84	0.898	structures/output/WWF11605/WWF11605_model.cif
WWF11611	0.76	0.5	0.5	0.541	structures/output/WWF11611/WWF11611_model.cif
WWF11612	0.86	0.85	0.85	0.916	structures/output/WWF11612/WWF11612_model.cif
WWF11614	0.77	0.73	0.73	0.856	structures/output/WWF11614/WWF11614_model.cif
WWF11619	0.78	0.77	0.77	0.843	structures/output/WWF11619/WWF11619_model.cif
WWF11620	0.81	0.76	0.76	0.814	structures/output/WWF11620/WWF11620_model.cif
WWF11624	0.82	0.75	0.75	0.816	structures/output/WWF11624/WWF11624_model.cif
WWF11625	0.77	0.59	0.59	0.767	structures/output/WWF11625/WWF11625_model.cif
WWF11632	0.86	0.85	0.85	0.885	structures/output/WWF11632/WWF11632_model.cif
WWF11637	0.86	0.84	0.84	0.912	structures/output/WWF11637/WWF11637_model.cif
WWF11644	0.84	0.81	0.81	0.881	structures/output/WWF11644/WWF11644_model.cif
WWF11645	0.84	0.86	0.86	0.872	structures/output/WWF11645/WWF11645_model.cif
WWF11647	0.85	0.83	0.83	0.923	structures/output/WWF11647/WWF11647_model.cif
WWF11652	0.87	0.85	0.85	0.918	structures/output/WWF11652/WWF11652_model.cif
WWF11659	0.78	0.72	0.72	0.799	structures/output/WWF11659/WWF11659_model.cif
WWF11661	0.86	0.86	0.86	0.897	structures/output/WWF11661/WWF11661_model.cif
WWF11663	0.78	0.76	0.76	0.868	structures/output/WWF11663/WWF11663_model.cif
WWF11665	0.76	0.75	0.75	0.836	structures/output/WWF11665/WWF11665_model.cif
WWF11668	0.82	0.76	0.76	0.808	structures/output/WWF11668/WWF11668_model.cif
WWF11672	0.92	0.92	0.92	0.939	structures/output/WWF11672/WWF11672_model.cif
WWF11679	0.9	0.89	0.89	0.9	structures/output/WWF11679/WWF11679_model.cif
WWF11685	0.82	0.8	0.8	0.914	structures/output/WWF11685/WWF11685_model.cif
WWF11687	0.83	0.83	0.83	0.885	structures/output/WWF11687/WWF11687_model.cif
WWF11689	0.78	0.63	0.63	0.703	structures/output/WWF11689/WWF11689_model.cif
WWF11691	0.82	0.78	0.78	0.861	structures/output/WWF11691/WWF11691_model.cif
WWF11693	0.91	0.92	0.92	0.947	structures/output/WWF11693/WWF11693_model.cif
WWF11695	0.88	0.86	0.86	0.908	structures/output/WWF11695/WWF11695_model.cif
WWF11698	0.77	0.58	0.58	0.751	structures/output/WWF11698/WWF11698_model.cif
WWF11702	0.83	0.75	0.75	0.801	structures/output/WWF11702/WWF11702_model.cif
WWF11706	0.82	0.8	0.8	0.848	structures/output/WWF11706/WWF11706_model.cif
WWF11707	0.87	0.88	0.88	0.923	structures/output/WWF11707/WWF11707_model.cif
WWF11710	0.86	0.86	0.86	0.923	structures/output/WWF11710/WWF11710_model.cif
WWF11718	0.85	0.86	0.86	0.918	structures/output/WWF11718/WWF11718_model.cif
WWF11720	0.84	0.82	0.82	0.9	structures/output/WWF11720/WWF11720_model.cif
WWF11724	0.8	0.79	0.79	0.883	structures/output/WWF11724/WWF11724_model.cif
WWF11725	0.85	0.88	0.88	0.909	structures/output/WWF11725/WWF11725_model.cif
WWF11733	0.72	0.57	0.57	0.682	structures/output/WWF11733/WWF11733_model.cif
WWF11735	0.84	0.77	0.77	0.795	structures/output/WWF11735/WWF11735_model.cif
WWF11736	0.82	0.75	0.75	0.839	structures/output/WWF11736/WWF11736_model.cif
WWF11739	0.83	0.8	0.8	0.895	structures/output/WWF11739/WWF11739_model.cif
WWF11742	0.8	0.78	0.78	0.811	structures/output/WWF11742/WWF11742_model.cif
WWF11749	0.76	0.7	0.7	0.79	structures/output/WWF11749/WWF11749_model.cif
WWF11750	0.92	0.92	0.92	0.962	structures/output/WWF11750/WWF11750_model.cif
WWF11752	0.87	0.83	0.83	0.9	structures/output/WWF11752/WWF11752_model.cif
WWF11757	0.83	0.82	0.82	0.885	structures/output/WWF11757/WWF11757_model.cif
WWF11767	0.78	0.75	0.75	0.849	structures/output/WWF11767/WWF11767_model.cif
WWF11769	0.85	0.85	0.85	0.89	structures/output/WWF11769/WWF11769_model.cif
WWF11770	0.82	0.82	0.82	0.871	structures/output/WWF11770/WWF11770_model.cif
WWF11775	0.71	0.47	0.47	0.705	structures/output/WWF11775/WWF11775_model.cif
WWF11776	0.84	0.81	0.81	0.9	structures/output/WWF11776/WWF11776_model.cif
WWF11779	0.85	0.76	0.76	0.78	structures/output/WWF11779/WWF11779_model.cif
WWF11784	0.81	0.79	0.79	0.896	structures/output/WWF11784/WWF11784_model.cif
WWF11785	0.85	0.83	0.83	0.874	structures/output/WWF11785/WWF11785_model.cif
WWF11788	0.88	0.87	0.87	0.922	structures/output/WWF11788/WWF11788_model.cif
WWF11789	0.84	0.89	0.89	0.892	structures/output/WWF11789/WWF11789_model.cif
WWF11792	0.92	0.92	0.92	0.949	structures/output/WWF11792/WWF11792_model.cif
WWF11804	0.85	0.85	0.85	0.903	structures/output/WWF11804/WWF11804_model.cif
WWF11806	0.76	0.4	0.4	0.736	structures/output/WWF11806/WWF11806_model.cif
WWF11811	0.85	0.78	0.78	0.892	structures/output/WWF11811/WWF11811_model.cif
WWF11814	0.89	0.91	0.91	0.913	structures/output/WWF11814/WWF11814_model.cif
WWF11818	0.88	0.9	0.9	0.962	structures/output/WWF11818/WWF11818_model.cif
WWF11819	0.82	0.84	0.84	0.887	structures/output/WWF11819/WWF11819_model.cif
WWF11825	0.83	0.8	0.8	0.875	structures/output/WWF11825/WWF11825_model.cif
WWF11827	0.71	0.7	0.7	0.793	structures/output/WWF11827/WWF11827_model.cif
WWF11832	0.82	0.7	0.7	0.749	structures/output/WWF11832/WWF11832_model.cif
WWF11833	0.83	0.88	0.88	0.875	structures/output/WWF11833/WWF11833_model.cif
WWF11840	0.83	0.81	0.81	0.86	structures/output/WWF11840/WWF11840_model.cif
WWF11844	0.92	0.92	0.92	0.946	structures/output/WWF11844/WWF11844_model.cif
WWF11848	0.81	0.79	0.79	0.861	structures/output/WWF11848/WWF11848_model.cif
WWF11850	0.78	0.71	0.71	0.782	structures/output/WWF11850/WWF11850_model.cif
WWF11858	0.83	0.8	0.8	0.837	structures/output/WWF11858/WWF11858_model.cif
WWF11866	0.92	0.92	0.92	0.947	structures/output/WWF11866/WWF11866_model.cif
WWF11882	0.84	0.84	0.84	0.918	structures/output/WWF11882/WWF11882_model.cif
WWF11888	0.8	0.83	0.83	0.898	structures/output/WWF11888/WWF11888_model.cif
WWF11889	0.87	0.86	0.86	0.918	structures/output/WWF11889/WWF11889_model.cif
WWF11893	0.73	0.68	0.68	0.751	structures/output/WWF11893/WWF11893_model.cif
WWF11898	0.88	0.87	0.87	0.917	structures/output/WWF11898/WWF11898_model.cif
WWF11900	0.86	0.84	0.84	0.898	structures/output/WWF11900/WWF11900_model.cif
WWF11902	0.86	0.86	0.86	0.901	structures/output/WWF11902/WWF11902_model.cif
WWF11903	0.78	0.83	0.83	0.871	structures/output/WWF11903/WWF11903_model.cif
WWF11912	0.88	0.87	0.87	0.909	structures/output/WWF11912/WWF11912_model.cif
WWF11925	0.79	0.62	0.62	0.703	structures/output/WWF11925/WWF11925_model.cif
WWF11934	0.84	0.83	0.83	0.902	structures/output/WWF11934/WWF11934_model.cif
WWF11937	0.86	0.87	0.87	0.924	structures/output/WWF11937/WWF11937_model.cif
WWF11943	0.76	0.56	0.56	0.669	structures/output/WWF11943/WWF11943_model.cif
WWF11952	0.86	0.84	0.84	0.89	structures/output/WWF11952/WWF11952_model.cif
WWF11954	0.79	0.81	0.81	0.87	structures/output/WWF11954/WWF11954_model.cif
WWF11964	0.79	0.79	0.79	0.879	structures/output/WWF11964/WWF11964_model.cif
WWF11969	0.93	0.92	0.92	0.934	structures/output/WWF11969/WWF11969_model.cif
WWF11971	0.81	0.78	0.78	0.883	structures/output/WWF11971/WWF11971_model.cif
WWF11973	0.87	0.84	0.84	0.913	structures/output/WWF11973/WWF11973_model.cif
WWF11974	0.82	0.84	0.84	0.884	structures/output/WWF11974/WWF11974_model.cif
WWF11975	0.83	0.83	0.83	0.899	structures/output/WWF11975/WWF11975_model.cif
WWF11978	0.86	0.86	0.86	0.913	structures/output/WWF11978/WWF11978_model.cif
WWF11979	0.9	0.91	0.91	0.941	structures/output/WWF11979/WWF11979_model.cif
WWF11992	0.89	0.88	0.88	0.93	structures/output/WWF11992/WWF11992_model.cif
WWF11999	0.76	0.78	0.78	0.839	structures/output/WWF11999/WWF11999_model.cif
WWF12005	0.72	0.65	0.65	0.718	structures/output/WWF12005/WWF12005_model.cif
WWF12009	0.83	0.76	0.76	0.81	structures/output/WWF12009/WWF12009_model.cif
WWF12019	0.89	0.88	0.88	0.93	structures/output/WWF12019/WWF12019_model.cif
WWF12020	0.83	0.71	0.71	0.771	structures/output/WWF12020/WWF12020_model.cif
WWF12025	0.63	0.46	0.46	0.577	structures/output/WWF12025/WWF12025_model.cif
WWF12026	0.85	0.83	0.83	0.894	structures/output/WWF12026/WWF12026_model.cif
WWF12030	0.84	0.82	0.82	0.853	structures/output/WWF12030/WWF12030_model.cif
WWF12034	0.86	0.85	0.85	0.906	structures/output/WWF12034/WWF12034_model.cif
WWF12037	0.86	0.83	0.83	0.91	structures/output/WWF12037/WWF12037_model.cif
WWF12042	0.8	0.81	0.81	0.84	structures/output/WWF12042/WWF12042_model.cif
WWF12055	0.86	0.86	0.86	0.903	structures/output/WWF12055/WWF12055_model.cif
WWF12056	0.92	0.92	0.92	0.953	structures/output/WWF12056/WWF12056_model.cif
WWF12057	0.82	0.81	0.81	0.868	structures/output/WWF12057/WWF12057_model.cif
WWF12058	0.82	0.85	0.85	0.904	structures/output/WWF12058/WWF12058_model.cif
WWF12059	0.8	0.82	0.82	0.891	structures/output/WWF12059/WWF12059_model.cif
WWF12060	0.86	0.86	0.86	0.949	structures/output/WWF12060/WWF12060_model.cif
WWF12067	0.85	0.86	0.86	0.917	structures/output/WWF12067/WWF12067_model.cif
WWF12076	0.74	0.54	0.54	0.666	structures/output/WWF12076/WWF12076_model.cif
WWF12080	0.79	0.76	0.76	0.877	structures/output/WWF12080/WWF12080_model.cif
WWF12081	0.79	0.81	0.81	0.848	structures/output/WWF12081/WWF12081_model.cif
WWF12082	0.78	0.81	0.81	0.892	structures/output/WWF12082/WWF12082_model.cif
WWF12085	0.76	0.81	0.81	0.87	structures/output/WWF12085/WWF12085_model.cif
WWF12092	0.9	0.9	0.9	0.942	structures/output/WWF12092/WWF12092_model.cif
WWF12102	0.69	0.4	0.4	0.643	structures/output/WWF12102/WWF12102_model.cif
WWF12103	0.77	0.63	0.63	0.745	structures/output/WWF12103/WWF12103_model.cif
WWF12107	0.73	0.49	0.49	0.598	structures/output/WWF12107/WWF12107_model.cif
WWF12110	0.83	0.85	0.85	0.913	structures/output/WWF12110/WWF12110_model.cif
WWF12112	0.71	0.6	0.6	0.747	structures/output/WWF12112/WWF12112_model.cif
WWF12120	0.82	0.82	0.82	0.888	structures/output/WWF12120/WWF12120_model.cif
WWF12121	0.72	0.7	0.7	0.852	structures/output/WWF12121/WWF12121_model.cif
WWF12123	0.85	0.86	0.86	0.91	structures/output/WWF12123/WWF12123_model.cif
WWF12124	0.84	0.84	0.84	0.91	structures/output/WWF12124/WWF12124_model.cif
WWF12129	0.86	0.87	0.87	0.927	structures/output/WWF12129/WWF12129_model.cif
WWF12138	0.81	0.65	0.65	0.696	structures/output/WWF12138/WWF12138_model.cif
WWF12140	0.79	0.82	0.82	0.864	structures/output/WWF12140/WWF12140_model.cif
WWF12142	0.67	0.65	0.65	0.752	structures/output/WWF12142/WWF12142_model.cif
WWF12145	0.76	0.59	0.59	0.667	structures/output/WWF12145/WWF12145_model.cif
WWF12146	0.89	0.89	0.89	0.917	structures/output/WWF12146/WWF12146_model.cif
WWF12148	0.79	0.81	0.81	0.873	structures/output/WWF12148/WWF12148_model.cif
WWF12149	0.8	0.79	0.79	0.87	structures/output/WWF12149/WWF12149_model.cif
WWF12150	0.81	0.55	0.55	0.592	structures/output/WWF12150/WWF12150_model.cif
WWF12151	0.81	0.77	0.77	0.858	structures/output/WWF12151/WWF12151_model.cif
WWF12159	0.73	0.66	0.66	0.699	structures/output/WWF12159/WWF12159_model.cif
WWF12161	0.85	0.81	0.81	0.902	structures/output/WWF12161/WWF12161_model.cif
WWF12164	0.83	0.83	0.83	0.881	structures/output/WWF12164/WWF12164_model.cif
WWF12179	0.82	0.67	0.67	0.727	structures/output/WWF12179/WWF12179_model.cif
WWF12183	0.83	0.84	0.84	0.896	structures/output/WWF12183/WWF12183_model.cif
WWF12189	0.86	0.87	0.87	0.909	structures/output/WWF12189/WWF12189_model.cif
WWF12194	0.76	0.63	0.63	0.71	structures/output/WWF12194/WWF12194_model.cif
WWF12200	0.75	0.82	0.82	0.866	structures/output/WWF12200/WWF12200_model.cif
WWF12206	0.74	0.77	0.77	0.848	structures/output/WWF12206/WWF12206_model.cif
WWF12208	0.84	0.8	0.8	0.856	structures/output/WWF12208/WWF12208_model.cif
WWF12209	0.76	0.76	0.76	0.841	structures/output/WWF12209/WWF12209_model.cif
WWF12210	0.82	0.82	0.82	0.901	structures/output/WWF12210/WWF12210_model.cif
WWF12213	0.89	0.86	0.86	0.918	structures/output/WWF12213/WWF12213_model.cif
WWF12214	0.77	0.78	0.78	0.868	structures/output/WWF12214/WWF12214_model.cif
WWF12216	0.77	0.71	0.71	0.759	structures/output/WWF12216/WWF12216_model.cif
WWF12220	0.88	0.88	0.88	0.937	structures/output/WWF12220/WWF12220_model.cif
WWF12221	0.87	0.9	0.9	0.901	structures/output/WWF12221/WWF12221_model.cif
WWF12223	0.81	0.81	0.81	0.86	structures/output/WWF12223/WWF12223_model.cif
WWF12230	0.79	0.82	0.82	0.883	structures/output/WWF12230/WWF12230_model.cif
WWF12243	0.81	0.79	0.79	0.876	structures/output/WWF12243/WWF12243_model.cif
WWF12244	0.81	0.79	0.79	0.876	structures/output/WWF12244/WWF12244_model.cif
WWF12245	0.75	0.7	0.7	0.792	structures/output/WWF12245/WWF12245_model.cif
WWF12246	0.78	0.77	0.77	0.839	structures/output/WWF12246/WWF12246_model.cif
WWF12252	0.93	0.94	0.94	0.938	structures/output/WWF12252/WWF12252_model.cif
WWF12254	0.87	0.91	0.91	0.948	structures/output/WWF12254/WWF12254_model.cif
WWF12255	0.89	0.88	0.88	0.918	structures/output/WWF12255/WWF12255_model.cif
WWF12257	0.81	0.74	0.74	0.858	structures/output/WWF12257/WWF12257_model.cif
WWF12260	0.78	0.77	0.77	0.87	structures/output/WWF12260/WWF12260_model.cif
WWF12264	0.68	0.62	0.62	0.701	structures/output/WWF12264/WWF12264_model.cif
WWF12268	0.88	0.74	0.74	0.785	structures/output/WWF12268/WWF12268_model.cif
WWF12276	0.76	0.63	0.63	0.699	structures/output/WWF12276/WWF12276_model.cif
WWF12279	0.8	0.83	0.83	0.851	structures/output/WWF12279/WWF12279_model.cif
WWF12281	0.91	0.91	0.91	0.933	structures/output/WWF12281/WWF12281_model.cif
WWF12289	0.79	0.74	0.74	0.818	structures/output/WWF12289/WWF12289_model.cif
WWF12292	0.85	0.85	0.85	0.897	structures/output/WWF12292/WWF12292_model.cif
WWF12293	0.85	0.89	0.89	0.919	structures/output/WWF12293/WWF12293_model.cif
WWF12295	0.85	0.87	0.87	0.917	structures/output/WWF12295/WWF12295_model.cif
WWF12296	0.63	0.48	0.48	0.58	structures/output/WWF12296/WWF12296_model.cif
WWF12297	0.72	0.75	0.75	0.837	structures/output/WWF12297/WWF12297_model.cif
WWF12298	0.78	0.82	0.82	0.875	structures/output/WWF12298/WWF12298_model.cif
WWF12302	0.79	0.78	0.78	0.825	structures/output/WWF12302/WWF12302_model.cif
WWF12303	0.84	0.82	0.82	0.906	structures/output/WWF12303/WWF12303_model.cif
WWF12312	0.81	0.67	0.67	0.724	structures/output/WWF12312/WWF12312_model.cif
WWF12314	0.88	0.88	0.88	0.937	structures/output/WWF12314/WWF12314_model.cif
WWF12319	0.87	0.87	0.87	0.92	structures/output/WWF12319/WWF12319_model.cif
WWF12320	0.83	0.85	0.85	0.904	structures/output/WWF12320/WWF12320_model.cif
WWF12324	0.71	0.67	0.67	0.805	structures/output/WWF12324/WWF12324_model.cif
WWF12330	0.82	0.76	0.76	0.807	structures/output/WWF12330/WWF12330_model.cif
WWF12334	0.7	0.74	0.74	0.819	structures/output/WWF12334/WWF12334_model.cif
WWF12336	0.64	0.4	0.4	0.525	structures/output/WWF12336/WWF12336_model.cif
WWF12338	0.83	0.84	0.84	0.913	structures/output/WWF12338/WWF12338_model.cif
WWF12340	0.88	0.89	0.89	0.944	structures/output/WWF12340/WWF12340_model.cif
WWF12344	0.77	0.73	0.73	0.798	structures/output/WWF12344/WWF12344_model.cif
WWF12345	0.87	0.85	0.85	0.911	structures/output/WWF12345/WWF12345_model.cif
WWF12348	0.81	0.81	0.81	0.891	structures/output/WWF12348/WWF12348_model.cif
WWF12349	0.74	0.53	0.53	0.627	structures/output/WWF12349/WWF12349_model.cif
WWF12350	0.73	0.61	0.61	0.696	structures/output/WWF12350/WWF12350_model.cif
WWF12359	0.81	0.84	0.84	0.878	structures/output/WWF12359/WWF12359_model.cif
WWF12360	0.72	0.5	0.5	0.701	structures/output/WWF12360/WWF12360_model.cif
WWF12362	0.87	0.67	0.67	0.691	structures/output/WWF12362/WWF12362_model.cif
WWF12365	0.86	0.88	0.88	0.928	structures/output/WWF12365/WWF12365_model.cif
WWF12371	0.87	0.86	0.86	0.896	structures/output/WWF12371/WWF12371_model.cif
WWF12373	0.76	0.75	0.75	0.855	structures/output/WWF12373/WWF12373_model.cif
WWF12375	0.86	0.85	0.85	0.909	structures/output/WWF12375/WWF12375_model.cif
WWF12380	0.84	0.81	0.81	0.904	structures/output/WWF12380/WWF12380_model.cif
WWF12381	0.69	0.6	0.6	0.738	structures/output/WWF12381/WWF12381_model.cif
WWF12382	0.74	0.67	0.67	0.796	structures/output/WWF12382/WWF12382_model.cif
WWF12383	0.86	0.85	0.85	0.845	structures/output/WWF12383/WWF12383_model.cif
WWF12391	0.83	0.79	0.79	0.82	structures/output/WWF12391/WWF12391_model.cif
WWF12393	0.9	0.89	0.89	0.934	structures/output/WWF12393/WWF12393_model.cif
WWF12394	0.77	0.82	0.82	0.84	structures/output/WWF12394/WWF12394_model.cif
WWF12400	0.81	0.69	0.69	0.774	structures/output/WWF12400/WWF12400_model.cif
WWF12403	0.78	0.78	0.78	0.874	structures/output/WWF12403/WWF12403_model.cif
WWF12409	0.83	0.83	0.83	0.884	structures/output/WWF12409/WWF12409_model.cif
WWF12421	0.85	0.86	0.86	0.91	structures/output/WWF12421/WWF12421_model.cif
WWF12423	0.84	0.6	0.6	0.615	structures/output/WWF12423/WWF12423_model.cif
WWF12425	0.77	0.76	0.76	0.877	structures/output/WWF12425/WWF12425_model.cif
WWF12427	0.84	0.83	0.83	0.893	structures/output/WWF12427/WWF12427_model.cif
WWF12430	0.73	0.72	0.72	0.825	structures/output/WWF12430/WWF12430_model.cif
WWF12436	0.81	0.52	0.52	0.692	structures/output/WWF12436/WWF12436_model.cif
WWF12438	0.85	0.87	0.87	0.908	structures/output/WWF12438/WWF12438_model.cif
WWF12439	0.83	0.81	0.81	0.877	structures/output/WWF12439/WWF12439_model.cif
WWF12441	0.83	0.84	0.84	0.882	structures/output/WWF12441/WWF12441_model.cif
WWF12442	0.82	0.82	0.82	0.896	structures/output/WWF12442/WWF12442_model.cif
WWF12443	0.82	0.82	0.82	0.862	structures/output/WWF12443/WWF12443_model.cif
WWF12444	0.8	0.8	0.8	0.868	structures/output/WWF12444/WWF12444_model.cif
WWF12446	0.83	0.8	0.8	0.878	structures/output/WWF12446/WWF12446_model.cif
WWF12449	0.79	0.76	0.76	0.82	structures/output/WWF12449/WWF12449_model.cif
WWF12453	0.89	0.88	0.88	0.915	structures/output/WWF12453/WWF12453_model.cif
WWF12454	0.78	0.79	0.79	0.874	structures/output/WWF12454/WWF12454_model.cif
WWF12455	0.88	0.86	0.86	0.917	structures/output/WWF12455/WWF12455_model.cif
WWF12460	0.82	0.69	0.69	0.746	structures/output/WWF12460/WWF12460_model.cif
WWF12461	0.6	0.29	0.29	0.523	structures/output/WWF12461/WWF12461_model.cif
WWF12463	0.74	0.71	0.71	0.793	structures/output/WWF12463/WWF12463_model.cif
WWF12465	0.86	0.87	0.87	0.907	structures/output/WWF12465/WWF12465_model.cif
WWF12466	0.89	0.87	0.87	0.924	structures/output/WWF12466/WWF12466_model.cif
WWF12468	0.87	0.88	0.88	0.913	structures/output/WWF12468/WWF12468_model.cif
WWF12469	0.82	0.75	0.75	0.787	structures/output/WWF12469/WWF12469_model.cif
WWF12471	0.83	0.7	0.7	0.77	structures/output/WWF12471/WWF12471_model.cif
WWF12472	0.84	0.83	0.83	0.92	structures/output/WWF12472/WWF12472_model.cif
WWF12473	0.78	0.77	0.77	0.869	structures/output/WWF12473/WWF12473_model.cif
WWF12475	0.84	0.83	0.83	0.909	structures/output/WWF12475/WWF12475_model.cif
WWF12481	0.81	0.8	0.8	0.879	structures/output/WWF12481/WWF12481_model.cif
WWF12487	0.83	0.79	0.79	0.865	structures/output/WWF12487/WWF12487_model.cif
WWF12492	0.85	0.85	0.85	0.921	structures/output/WWF12492/WWF12492_model.cif
WWF12494	0.8	0.83	0.83	0.903	structures/output/WWF12494/WWF12494_model.cif
WWF12496	0.81	0.79	0.79	0.865	structures/output/WWF12496/WWF12496_model.cif
WWF12498	0.82	0.89	0.89	0.895	structures/output/WWF12498/WWF12498_model.cif
WWF12499	0.72	0.62	0.62	0.688	structures/output/WWF12499/WWF12499_model.cif
WWF12500	0.72	0.76	0.76	0.859	structures/output/WWF12500/WWF12500_model.cif
WWF12502	0.85	0.84	0.84	0.902	structures/output/WWF12502/WWF12502_model.cif
WWF12504	0.79	0.78	0.78	0.87	structures/output/WWF12504/WWF12504_model.cif
WWF12507	0.86	0.86	0.86	0.911	structures/output/WWF12507/WWF12507_model.cif
WWF12508	0.84	0.8	0.8	0.867	structures/output/WWF12508/WWF12508_model.cif
WWF12509	0.78	0.77	0.77	0.797	structures/output/WWF12509/WWF12509_model.cif
WWF12512	0.79	0.74	0.74	0.85	structures/output/WWF12512/WWF12512_model.cif
WWF12518	0.89	0.9	0.9	0.94	structures/output/WWF12518/WWF12518_model.cif
WWF12519	0.73	0.72	0.72	0.788	structures/output/WWF12519/WWF12519_model.cif
WWF12520	0.8	0.47	0.47	0.565	structures/output/WWF12520/WWF12520_model.cif
WWF12524	0.74	0.57	0.57	0.656	structures/output/WWF12524/WWF12524_model.cif
WWF12528	0.71	0.67	0.67	0.784	structures/output/WWF12528/WWF12528_model.cif
WWF12532	0.73	0.66	0.66	0.744	structures/output/WWF12532/WWF12532_model.cif
WWF12536	0.74	0.65	0.65	0.787	structures/output/WWF12536/WWF12536_model.cif
WWF12543	0.83	0.84	0.84	0.906	structures/output/WWF12543/WWF12543_model.cif
WWF12544	0.85	0.84	0.84	0.88	structures/output/WWF12544/WWF12544_model.cif
WWF12548	0.72	0.72	0.72	0.75	structures/output/WWF12548/WWF12548_model.cif
WWF12550	0.8	0.8	0.8	0.874	structures/output/WWF12550/WWF12550_model.cif
WWF12556	0.83	0.83	0.83	0.877	structures/output/WWF12556/WWF12556_model.cif
WWF12562	0.7	0.59	0.59	0.739	structures/output/WWF12562/WWF12562_model.cif
WWF12571	0.84	0.89	0.89	0.908	structures/output/WWF12571/WWF12571_model.cif
WWF12580	0.75	0.65	0.65	0.759	structures/output/WWF12580/WWF12580_model.cif
WWF12585	0.79	0.6	0.6	0.684	structures/output/WWF12585/WWF12585_model.cif
WWF12588	0.79	0.8	0.8	0.892	structures/output/WWF12588/WWF12588_model.cif
WWF12591	0.77	0.76	0.76	0.858	structures/output/WWF12591/WWF12591_model.cif
WWF12594	0.86	0.91	0.91	0.919	structures/output/WWF12594/WWF12594_model.cif
WWF12599	0.7	0.64	0.64	0.687	structures/output/WWF12599/WWF12599_model.cif
WWF12601	0.84	0.79	0.79	0.888	structures/output/WWF12601/WWF12601_model.cif
WWF12605	0.75	0.74	0.74	0.861	structures/output/WWF12605/WWF12605_model.cif
WWF12606	0.82	0.8	0.8	0.878	structures/output/WWF12606/WWF12606_model.cif
WWF12607	0.84	0.84	0.84	0.917	structures/output/WWF12607/WWF12607_model.cif
WWF12609	0.84	0.83	0.83	0.908	structures/output/WWF12609/WWF12609_model.cif
WWF12610	0.82	0.84	0.84	0.873	structures/output/WWF12610/WWF12610_model.cif
WWF12621	0.63	0.42	0.42	0.682	structures/output/WWF12621/WWF12621_model.cif
WWF12623	0.84	0.85	0.85	0.904	structures/output/WWF12623/WWF12623_model.cif
WWF12624	0.81	0.63	0.63	0.715	structures/output/WWF12624/WWF12624_model.cif
WWF12625	0.84	0.84	0.84	0.878	structures/output/WWF12625/WWF12625_model.cif
WWF12627	0.81	0.82	0.82	0.879	structures/output/WWF12627/WWF12627_model.cif
WWF12636	0.88	0.89	0.89	0.888	structures/output/WWF12636/WWF12636_model.cif
WWF12639	0.88	0.87	0.87	0.922	structures/output/WWF12639/WWF12639_model.cif
WWF12641	0.89	0.88	0.88	0.919	structures/output/WWF12641/WWF12641_model.cif
WWF12645	0.86	0.86	0.86	0.907	structures/output/WWF12645/WWF12645_model.cif
WWF12646	0.85	0.85	0.85	0.893	structures/output/WWF12646/WWF12646_model.cif
WWF12651	0.82	0.73	0.73	0.764	structures/output/WWF12651/WWF12651_model.cif
WWF12652	0.91	0.92	0.92	0.955	structures/output/WWF12652/WWF12652_model.cif
WWF12657	0.82	0.85	0.85	0.898	structures/output/WWF12657/WWF12657_model.cif
WWF12659	0.87	0.81	0.81	0.84	structures/output/WWF12659/WWF12659_model.cif
WWF12665	0.73	0.52	0.52	0.637	structures/output/WWF12665/WWF12665_model.cif
WWF12668	0.66	0.61	0.61	0.705	structures/output/WWF12668/WWF12668_model.cif
WWF12670	0.85	0.85	0.85	0.881	structures/output/WWF12670/WWF12670_model.cif
WWF12672	0.82	0.83	0.83	0.9	structures/output/WWF12672/WWF12672_model.cif
WWF12677	0.85	0.85	0.85	0.919	structures/output/WWF12677/WWF12677_model.cif
WWF12682	0.78	0.69	0.69	0.841	structures/output/WWF12682/WWF12682_model.cif
WWF12683	0.75	0.72	0.72	0.817	structures/output/WWF12683/WWF12683_model.cif
WWF12694	0.89	0.85	0.85	0.916	structures/output/WWF12694/WWF12694_model.cif
WWF12697	0.84	0.83	0.83	0.898	structures/output/WWF12697/WWF12697_model.cif
WWF12705	0.83	0.81	0.81	0.869	structures/output/WWF12705/WWF12705_model.cif
WWF12707	0.84	0.83	0.83	0.876	structures/output/WWF12707/WWF12707_model.cif
WWF12708	0.82	0.64	0.64	0.699	structures/output/WWF12708/WWF12708_model.cif
WWF12709	0.85	0.89	0.89	0.918	structures/output/WWF12709/WWF12709_model.cif
WWF12713	0.79	0.81	0.81	0.882	structures/output/WWF12713/WWF12713_model.cif
WWF12715	0.68	0.68	0.68	0.777	structures/output/WWF12715/WWF12715_model.cif
WWF12716	0.87	0.9	0.9	0.927	structures/output/WWF12716/WWF12716_model.cif
WWF12718	0.77	0.78	0.78	0.844	structures/output/WWF12718/WWF12718_model.cif
WWF12719	0.68	0.67	0.67	0.774	structures/output/WWF12719/WWF12719_model.cif
WWF12720	0.89	0.87	0.87	0.913	structures/output/WWF12720/WWF12720_model.cif
WWF12721	0.71	0.7	0.7	0.783	structures/output/WWF12721/WWF12721_model.cif
WWF12724	0.78	0.55	0.55	0.595	structures/output/WWF12724/WWF12724_model.cif
WWF12726	0.89	0.88	0.88	0.927	structures/output/WWF12726/WWF12726_model.cif
WWF12727	0.85	0.86	0.86	0.896	structures/output/WWF12727/WWF12727_model.cif
WWF12730	0.71	0.73	0.73	0.815	structures/output/WWF12730/WWF12730_model.cif
WWF12733	0.84	0.65	0.65	0.717	structures/output/WWF12733/WWF12733_model.cif
WWF12735	0.91	0.9	0.9	0.898	structures/output/WWF12735/WWF12735_model.cif
WWF12742	0.87	0.85	0.85	0.878	structures/output/WWF12742/WWF12742_model.cif
WWF12743	0.77	0.79	0.79	0.836	structures/output/WWF12743/WWF12743_model.cif
WWF12750	0.77	0.77	0.77	0.871	structures/output/WWF12750/WWF12750_model.cif
WWF12751	0.82	0.8	0.8	0.876	structures/output/WWF12751/WWF12751_model.cif
WWF12754	0.83	0.85	0.85	0.901	structures/output/WWF12754/WWF12754_model.cif
WWF12756	0.83	0.76	0.76	0.954	structures/output/WWF12756/WWF12756_model.cif
WWF12759	0.85	0.85	0.85	0.918	structures/output/WWF12759/WWF12759_model.cif
WWF12760	0.79	0.76	0.76	0.875	structures/output/WWF12760/WWF12760_model.cif
WWF12764	0.86	0.82	0.82	0.897	structures/output/WWF12764/WWF12764_model.cif
WWF12765	0.76	0.71	0.71	0.84	structures/output/WWF12765/WWF12765_model.cif
WWF12766	0.88	0.74	0.74	0.774	structures/output/WWF12766/WWF12766_model.cif
WWF12768	0.81	0.68	0.68	0.745	structures/output/WWF12768/WWF12768_model.cif
WWF12773	0.85	0.82	0.82	0.825	structures/output/WWF12773/WWF12773_model.cif
WWF12780	0.8	0.79	0.79	0.842	structures/output/WWF12780/WWF12780_model.cif
WWF12782	0.78	0.63	0.63	0.697	structures/output/WWF12782/WWF12782_model.cif
WWF12784	0.78	0.72	0.72	0.847	structures/output/WWF12784/WWF12784_model.cif
WWF12787	0.8	0.78	0.78	0.881	structures/output/WWF12787/WWF12787_model.cif
WWF12791	0.79	0.79	0.79	0.857	structures/output/WWF12791/WWF12791_model.cif
WWF12793	0.78	0.77	0.77	0.858	structures/output/WWF12793/WWF12793_model.cif
WWF12797	0.95	0.93	0.93	0.929	structures/output/WWF12797/WWF12797_model.cif
WWF12798	0.72	0.68	0.68	0.779	structures/output/WWF12798/WWF12798_model.cif
WWF12802	0.83	0.85	0.85	0.91	structures/output/WWF12802/WWF12802_model.cif
WWF12803	0.79	0.81	0.81	0.85	structures/output/WWF12803/WWF12803_model.cif
WWF12804	0.77	0.69	0.69	0.75	structures/output/WWF12804/WWF12804_model.cif
WWF12806	0.79	0.8	0.8	0.892	structures/output/WWF12806/WWF12806_model.cif
WWF12809	0.74	0.68	0.68	0.772	structures/output/WWF12809/WWF12809_model.cif
WWF12811	0.73	0.72	0.72	0.854	structures/output/WWF12811/WWF12811_model.cif
WWF12812	0.78	0.81	0.81	0.86	structures/output/WWF12812/WWF12812_model.cif
WWF12818	0.89	0.9	0.9	0.913	structures/output/WWF12818/WWF12818_model.cif
WWF12819	0.84	0.84	0.84	0.926	structures/output/WWF12819/WWF12819_model.cif
WWF12822	0.74	0.74	0.74	0.847	structures/output/WWF12822/WWF12822_model.cif
WWF12824	0.88	0.91	0.91	0.912	structures/output/WWF12824/WWF12824_model.cif
WWF12825	0.85	0.84	0.84	0.909	structures/output/WWF12825/WWF12825_model.cif
WWF12829	0.74	0.76	0.76	0.859	structures/output/WWF12829/WWF12829_model.cif
WWF12831	0.82	0.81	0.81	0.876	structures/output/WWF12831/WWF12831_model.cif
WWF12832	0.76	0.64	0.64	0.719	structures/output/WWF12832/WWF12832_model.cif
WWF12833	0.73	0.61	0.61	0.721	structures/output/WWF12833/WWF12833_model.cif
WWF12840	0.84	0.85	0.85	0.882	structures/output/WWF12840/WWF12840_model.cif
WWF12853	0.83	0.78	0.78	0.857	structures/output/WWF12853/WWF12853_model.cif
WWF12854	0.85	0.82	0.82	0.896	structures/output/WWF12854/WWF12854_model.cif
WWF12855	0.84	0.83	0.83	0.887	structures/output/WWF12855/WWF12855_model.cif
WWF12857	0.85	0.79	0.79	0.791	structures/output/WWF12857/WWF12857_model.cif
WWF12858	0.83	0.82	0.82	0.896	structures/output/WWF12858/WWF12858_model.cif
WWF12860	0.62	0.5	0.5	0.741	structures/output/WWF12860/WWF12860_model.cif
WWF12863	0.81	0.84	0.84	0.912	structures/output/WWF12863/WWF12863_model.cif
WWF12868	0.77	0.78	0.78	0.877	structures/output/WWF12868/WWF12868_model.cif
WWF12869	0.88	0.88	0.88	0.913	structures/output/WWF12869/WWF12869_model.cif
WWF12871	0.69	0.72	0.72	0.857	structures/output/WWF12871/WWF12871_model.cif
WWF12875	0.84	0.63	0.63	0.719	structures/output/WWF12875/WWF12875_model.cif
WWF12879	0.87	0.87	0.87	0.922	structures/output/WWF12879/WWF12879_model.cif
WWF12882	0.9	0.89	0.89	0.934	structures/output/WWF12882/WWF12882_model.cif
WWF12888	0.81	0.79	0.79	0.863	structures/output/WWF12888/WWF12888_model.cif
WWF12896	0.79	0.75	0.75	0.824	structures/output/WWF12896/WWF12896_model.cif
WWF12897	0.69	0.7	0.7	0.829	structures/output/WWF12897/WWF12897_model.cif
WWF12898	0.85	0.85	0.85	0.92	structures/output/WWF12898/WWF12898_model.cif
WWF12901	0.88	0.83	0.83	0.871	structures/output/WWF12901/WWF12901_model.cif
WWF12907	0.74	0.56	0.56	0.646	structures/output/WWF12907/WWF12907_model.cif
WWF12909	0.78	0.79	0.79	0.88	structures/output/WWF12909/WWF12909_model.cif
WWF12914	0.81	0.86	0.86	0.897	structures/output/WWF12914/WWF12914_model.cif
WWF12917	0.9	0.84	0.84	0.92	structures/output/WWF12917/WWF12917_model.cif
WWF12920	0.78	0.77	0.77	0.843	structures/output/WWF12920/WWF12920_model.cif
WWF12922	0.8	0.82	0.82	0.839	structures/output/WWF12922/WWF12922_model.cif
WWF12925	0.91	0.89	0.89	0.913	structures/output/WWF12925/WWF12925_model.cif
WWF12929	0.89	0.89	0.89	0.925	structures/output/WWF12929/WWF12929_model.cif
WWF12931	0.85	0.85	0.85	0.889	structures/output/WWF12931/WWF12931_model.cif
WWF12932	0.83	0.85	0.85	0.896	structures/output/WWF12932/WWF12932_model.cif
WWF12935	0.87	0.84	0.84	0.914	structures/output/WWF12935/WWF12935_model.cif
WWF12943	0.8	0.67	0.67	0.729	structures/output/WWF12943/WWF12943_model.cif
WWF12950	0.77	0.8	0.8	0.879	structures/output/WWF12950/WWF12950_model.cif
WWF12952	0.79	0.71	0.71	0.776	structures/output/WWF12952/WWF12952_model.cif
WWF12954	0.87	0.84	0.84	0.891	structures/output/WWF12954/WWF12954_model.cif
WWF12955	0.81	0.82	0.82	0.888	structures/output/WWF12955/WWF12955_model.cif
WWF12959	0.82	0.8	0.8	0.861	structures/output/WWF12959/WWF12959_model.cif
WWF12960	0.79	0.86	0.86	0.891	structures/output/WWF12960/WWF12960_model.cif
WWF12965	0.82	0.81	0.81	0.844	structures/output/WWF12965/WWF12965_model.cif
WWF12971	0.82	0.71	0.71	0.752	structures/output/WWF12971/WWF12971_model.cif
WWF12972	0.77	0.79	0.79	0.888	structures/output/WWF12972/WWF12972_model.cif
WWF12973	0.81	0.87	0.87	0.892	structures/output/WWF12973/WWF12973_model.cif
WWF12981	0.75	0.75	0.75	0.838	structures/output/WWF12981/WWF12981_model.cif
WWF12983	0.8	0.8	0.8	0.872	structures/output/WWF12983/WWF12983_model.cif
WWF12986	0.8	0.76	0.76	0.854	structures/output/WWF12986/WWF12986_model.cif
WWF12988	0.76	0.73	0.73	0.844	structures/output/WWF12988/WWF12988_model.cif
WWF12990	0.8	0.8	0.8	0.874	structures/output/WWF12990/WWF12990_model.cif
WWF12991	0.86	0.88	0.88	0.939	structures/output/WWF12991/WWF12991_model.cif
WWF12993	0.85	0.85	0.85	0.903	structures/output/WWF12993/WWF12993_model.cif
WWF12996	0.87	0.88	0.88	0.917	structures/output/WWF12996/WWF12996_model.cif
WWF12999	0.75	0.74	0.74	0.818	structures/output/WWF12999/WWF12999_model.cif
WWF13002	0.83	0.79	0.79	0.845	structures/output/WWF13002/WWF13002_model.cif
WWF13008	0.86	0.9	0.9	0.914	structures/output/WWF13008/WWF13008_model.cif
WWF13011	0.75	0.75	0.75	0.752	structures/output/WWF13011/WWF13011_model.cif
WWF13012	0.88	0.9	0.9	0.926	structures/output/WWF13012/WWF13012_model.cif
WWF13024	0.82	0.67	0.67	0.723	structures/output/WWF13024/WWF13024_model.cif
WWF13029	0.83	0.77	0.77	0.811	structures/output/WWF13029/WWF13029_model.cif
WWF13031	0.86	0.86	0.86	0.924	structures/output/WWF13031/WWF13031_model.cif
WWF13032	0.92	0.9	0.9	0.922	structures/output/WWF13032/WWF13032_model.cif
WWF13035	0.79	0.81	0.81	0.886	structures/output/WWF13035/WWF13035_model.cif
WWF13041	0.68	0.62	0.62	0.741	structures/output/WWF13041/WWF13041_model.cif
WWF13045	0.83	0.85	0.85	0.899	structures/output/WWF13045/WWF13045_model.cif
WWF13048	0.75	0.73	0.73	0.845	structures/output/WWF13048/WWF13048_model.cif
WWF13049	0.86	0.84	0.84	0.888	structures/output/WWF13049/WWF13049_model.cif
WWF13052	0.81	0.74	0.74	0.809	structures/output/WWF13052/WWF13052_model.cif
WWF13054	0.79	0.79	0.79	0.81	structures/output/WWF13054/WWF13054_model.cif
WWF13058	0.7	0.44	0.44	0.574	structures/output/WWF13058/WWF13058_model.cif
WWF13061	0.75	0.71	0.71	0.736	structures/output/WWF13061/WWF13061_model.cif
WWF13064	0.77	0.69	0.69	0.809	structures/output/WWF13064/WWF13064_model.cif
WWF13065	0.72	0.61	0.61	0.82	structures/output/WWF13065/WWF13065_model.cif
WWF13070	0.73	0.58	0.58	0.712	structures/output/WWF13070/WWF13070_model.cif
WWF13072	0.85	0.85	0.85	0.873	structures/output/WWF13072/WWF13072_model.cif
WWF13073	0.85	0.9	0.9	0.912	structures/output/WWF13073/WWF13073_model.cif
WWF13075	0.84	0.85	0.85	0.919	structures/output/WWF13075/WWF13075_model.cif
WWF13079	0.84	0.86	0.86	0.909	structures/output/WWF13079/WWF13079_model.cif
WWF13081	0.81	0.85	0.85	0.89	structures/output/WWF13081/WWF13081_model.cif
WWF13083	0.68	0.71	0.71	0.781	structures/output/WWF13083/WWF13083_model.cif
WWF13087	0.66	0.55	0.55	0.594	structures/output/WWF13087/WWF13087_model.cif
WWF13088	0.72	0.76	0.76	0.882	structures/output/WWF13088/WWF13088_model.cif
WWF13091	0.74	0.57	0.57	0.644	structures/output/WWF13091/WWF13091_model.cif
WWF13092	0.82	0.83	0.83	0.886	structures/output/WWF13092/WWF13092_model.cif
WWF13098	0.83	0.84	0.84	0.915	structures/output/WWF13098/WWF13098_model.cif
WWF13105	0.83	0.84	0.84	0.847	structures/output/WWF13105/WWF13105_model.cif
WWF13107	0.67	0.56	0.56	0.788	structures/output/WWF13107/WWF13107_model.cif
WWF13108	0.85	0.86	0.86	0.894	structures/output/WWF13108/WWF13108_model.cif
WWF13110	0.82	0.69	0.69	0.823	structures/output/WWF13110/WWF13110_model.cif
WWF13116	0.81	0.86	0.86	0.898	structures/output/WWF13116/WWF13116_model.cif
WWF13119	0.8	0.74	0.74	0.791	structures/output/WWF13119/WWF13119_model.cif
WWF13120	0.82	0.8	0.8	0.877	structures/output/WWF13120/WWF13120_model.cif
WWF13132	0.86	0.89	0.89	0.927	structures/output/WWF13132/WWF13132_model.cif
WWF13134	0.81	0.82	0.82	0.881	structures/output/WWF13134/WWF13134_model.cif
WWF13136	0.76	0.77	0.77	0.832	structures/output/WWF13136/WWF13136_model.cif
WWF13138	0.85	0.82	0.82	0.897	structures/output/WWF13138/WWF13138_model.cif
WWF13139	0.86	0.84	0.84	0.914	structures/output/WWF13139/WWF13139_model.cif
WWF13142	0.85	0.86	0.86	0.906	structures/output/WWF13142/WWF13142_model.cif
WWF13145	0.86	0.82	0.82	0.842	structures/output/WWF13145/WWF13145_model.cif
WWF13152	0.81	0.81	0.81	0.889	structures/output/WWF13152/WWF13152_model.cif
WWF13154	0.72	0.74	0.74	0.836	structures/output/WWF13154/WWF13154_model.cif
WWF13159	0.85	0.88	0.88	0.88	structures/output/WWF13159/WWF13159_model.cif
WWF13161	0.86	0.85	0.85	0.905	structures/output/WWF13161/WWF13161_model.cif
WWF13167	0.86	0.86	0.86	0.909	structures/output/WWF13167/WWF13167_model.cif
WWF13176	0.93	0.94	0.94	0.958	structures/output/WWF13176/WWF13176_model.cif
WWF13179	0.85	0.83	0.83	0.918	structures/output/WWF13179/WWF13179_model.cif
WWF13180	0.88	0.76	0.76	0.785	structures/output/WWF13180/WWF13180_model.cif
WWF13183	0.84	0.69	0.69	0.86	structures/output/WWF13183/WWF13183_model.cif
WWF13185	0.88	0.89	0.89	0.924	structures/output/WWF13185/WWF13185_model.cif
WWF13186	0.8	0.63	0.63	0.673	structures/output/WWF13186/WWF13186_model.cif
WWF13187	0.72	0.75	0.75	0.861	structures/output/WWF13187/WWF13187_model.cif
WWF13193	0.84	0.88	0.88	0.908	structures/output/WWF13193/WWF13193_model.cif
WWF13197	0.85	0.75	0.75	0.831	structures/output/WWF13197/WWF13197_model.cif
WWF13199	0.8	0.79	0.79	0.837	structures/output/WWF13199/WWF13199_model.cif
WWF13201	0.78	0.77	0.77	0.869	structures/output/WWF13201/WWF13201_model.cif
WWF13203	0.78	0.79	0.79	0.827	structures/output/WWF13203/WWF13203_model.cif
WWF13205	0.68	0.62	0.62	0.71	structures/output/WWF13205/WWF13205_model.cif
WWF13207	0.77	0.78	0.78	0.868	structures/output/WWF13207/WWF13207_model.cif
WWF13210	0.79	0.82	0.82	0.871	structures/output/WWF13210/WWF13210_model.cif
WWF13213	0.82	0.64	0.64	0.702	structures/output/WWF13213/WWF13213_model.cif
WWF13216	0.89	0.84	0.84	0.89	structures/output/WWF13216/WWF13216_model.cif
WWF13222	0.82	0.72	0.72	0.805	structures/output/WWF13222/WWF13222_model.cif
WWF13223	0.82	0.84	0.84	0.91	structures/output/WWF13223/WWF13223_model.cif
WWF13224	0.81	0.7	0.7	0.727	structures/output/WWF13224/WWF13224_model.cif
WWF13226	0.73	0.56	0.56	0.727	structures/output/WWF13226/WWF13226_model.cif
WWF13232	0.81	0.82	0.82	0.888	structures/output/WWF13232/WWF13232_model.cif
WWF13233	0.78	0.76	0.76	0.854	structures/output/WWF13233/WWF13233_model.cif
WWF13236	0.77	0.75	0.75	0.827	structures/output/WWF13236/WWF13236_model.cif
WWF13241	0.86	0.84	0.84	0.904	structures/output/WWF13241/WWF13241_model.cif
WWF13244	0.79	0.81	0.81	0.885	structures/output/WWF13244/WWF13244_model.cif
WWF13248	0.89	0.89	0.89	0.93	structures/output/WWF13248/WWF13248_model.cif
WWF13250	0.84	0.73	0.73	0.794	structures/output/WWF13250/WWF13250_model.cif
WWF13251	0.74	0.77	0.77	0.846	structures/output/WWF13251/WWF13251_model.cif
WWF13252	0.7	0.5	0.5	0.58	structures/output/WWF13252/WWF13252_model.cif
WWF13253	0.84	0.81	0.81	0.822	structures/output/WWF13253/WWF13253_model.cif
WWF13271	0.82	0.8	0.8	0.903	structures/output/WWF13271/WWF13271_model.cif
WWF13273	0.79	0.72	0.72	0.776	structures/output/WWF13273/WWF13273_model.cif
WWF13274	0.82	0.78	0.78	0.889	structures/output/WWF13274/WWF13274_model.cif
WWF13275	0.81	0.78	0.78	0.812	structures/output/WWF13275/WWF13275_model.cif
WWF13278	0.84	0.85	0.85	0.896	structures/output/WWF13278/WWF13278_model.cif
WWF13279	0.83	0.78	0.78	0.872	structures/output/WWF13279/WWF13279_model.cif
WWF13281	0.89	0.88	0.88	0.924	structures/output/WWF13281/WWF13281_model.cif
WWF13282	0.82	0.81	0.81	0.872	structures/output/WWF13282/WWF13282_model.cif
WWF13283	0.71	0.62	0.62	0.734	structures/output/WWF13283/WWF13283_model.cif
WWF13284	0.81	0.78	0.78	0.879	structures/output/WWF13284/WWF13284_model.cif
WWF13285	0.83	0.82	0.82	0.905	structures/output/WWF13285/WWF13285_model.cif
WWF13291	0.86	0.9	0.9	0.93	structures/output/WWF13291/WWF13291_model.cif
WWF13297	0.76	0.71	0.71	0.725	structures/output/WWF13297/WWF13297_model.cif
WWF13298	0.85	0.87	0.87	0.921	structures/output/WWF13298/WWF13298_model.cif
WWF13301	0.76	0.77	0.77	0.855	structures/output/WWF13301/WWF13301_model.cif
WWF13303	0.82	0.78	0.78	0.835	structures/output/WWF13303/WWF13303_model.cif
WWF13304	0.92	0.95	0.95	0.949	structures/output/WWF13304/WWF13304_model.cif
WWF13305	0.9	0.91	0.91	0.941	structures/output/WWF13305/WWF13305_model.cif
WWF13307	0.77	0.79	0.79	0.868	structures/output/WWF13307/WWF13307_model.cif
WWF13309	0.8	0.65	0.65	0.687	structures/output/WWF13309/WWF13309_model.cif
WWF13311	0.72	0.74	0.74	0.82	structures/output/WWF13311/WWF13311_model.cif
WWF13318	0.84	0.83	0.83	0.906	structures/output/WWF13318/WWF13318_model.cif
WWF13323	0.87	0.85	0.85	0.919	structures/output/WWF13323/WWF13323_model.cif
WWF13324	0.77	0.83	0.83	0.853	structures/output/WWF13324/WWF13324_model.cif
WWF13325	0.85	0.86	0.86	0.937	structures/output/WWF13325/WWF13325_model.cif
WWF13326	0.79	0.52	0.52	0.607	structures/output/WWF13326/WWF13326_model.cif
WWF13327	0.87	0.79	0.79	0.851	structures/output/WWF13327/WWF13327_model.cif
WWF13331	0.81	0.82	0.82	0.879	structures/output/WWF13331/WWF13331_model.cif
WWF13332	0.64	0.69	0.69	0.827	structures/output/WWF13332/WWF13332_model.cif
WWF13334	0.9	0.85	0.85	0.848	structures/output/WWF13334/WWF13334_model.cif
WWF13340	0.8	0.8	0.8	0.88	structures/output/WWF13340/WWF13340_model.cif
WWF13342	0.79	0.77	0.77	0.851	structures/output/WWF13342/WWF13342_model.cif
WWF13343	0.77	0.73	0.73	0.84	structures/output/WWF13343/WWF13343_model.cif
WWF13344	0.89	0.85	0.85	0.911	structures/output/WWF13344/WWF13344_model.cif
WWF13346	0.87	0.84	0.84	0.898	structures/output/WWF13346/WWF13346_model.cif
WWF13350	0.83	0.79	0.79	0.852	structures/output/WWF13350/WWF13350_model.cif
WWF13358	0.76	0.62	0.62	0.701	structures/output/WWF13358/WWF13358_model.cif
WWF13361	0.83	0.83	0.83	0.859	structures/output/WWF13361/WWF13361_model.cif
WWF13362	0.91	0.92	0.92	0.926	structures/output/WWF13362/WWF13362_model.cif
WWF13363	0.83	0.81	0.81	0.863	structures/output/WWF13363/WWF13363_model.cif
WWF13368	0.83	0.78	0.78	0.85	structures/output/WWF13368/WWF13368_model.cif
WWF13369	0.85	0.83	0.83	0.883	structures/output/WWF13369/WWF13369_model.cif
WWF13375	0.83	0.85	0.85	0.884	structures/output/WWF13375/WWF13375_model.cif
WWF13377	0.88	0.9	0.9	0.929	structures/output/WWF13377/WWF13377_model.cif
WWF13380	0.74	0.74	0.74	0.813	structures/output/WWF13380/WWF13380_model.cif
WWF13382	0.73	0.69	0.69	0.731	structures/output/WWF13382/WWF13382_model.cif
WWF13390	0.86	0.85	0.85	0.87	structures/output/WWF13390/WWF13390_model.cif
WWF13394	0.82	0.8	0.8	0.853	structures/output/WWF13394/WWF13394_model.cif
WWF13397	0.89	0.89	0.89	0.919	structures/output/WWF13397/WWF13397_model.cif
WWF13400	0.72	0.77	0.77	0.852	structures/output/WWF13400/WWF13400_model.cif
WWF13402	0.91	0.91	0.91	0.922	structures/output/WWF13402/WWF13402_model.cif
WWF13403	0.83	0.79	0.79	0.807	structures/output/WWF13403/WWF13403_model.cif
WWF13407	0.85	0.86	0.86	0.907	structures/output/WWF13407/WWF13407_model.cif
WWF13425	0.82	0.81	0.81	0.876	structures/output/WWF13425/WWF13425_model.cif
WWF13426	0.9	0.88	0.88	0.92	structures/output/WWF13426/WWF13426_model.cif
WWF13430	0.88	0.87	0.87	0.917	structures/output/WWF13430/WWF13430_model.cif
WWF13433	0.73	0.68	0.68	0.758	structures/output/WWF13433/WWF13433_model.cif
WWF13435	0.81	0.82	0.82	0.898	structures/output/WWF13435/WWF13435_model.cif
WWF13440	0.84	0.83	0.83	0.904	structures/output/WWF13440/WWF13440_model.cif
WWF13441	0.84	0.83	0.83	0.906	structures/output/WWF13441/WWF13441_model.cif
WWF13445	0.72	0.59	0.59	0.66	structures/output/WWF13445/WWF13445_model.cif
WWF13452	0.89	0.86	0.86	0.886	structures/output/WWF13452/WWF13452_model.cif
WWF13456	0.83	0.82	0.82	0.899	structures/output/WWF13456/WWF13456_model.cif
WWF13457	0.86	0.88	0.88	0.92	structures/output/WWF13457/WWF13457_model.cif
WWF13459	0.87	0.86	0.86	0.919	structures/output/WWF13459/WWF13459_model.cif
WWF13460	0.86	0.88	0.88	0.918	structures/output/WWF13460/WWF13460_model.cif
WWF13461	0.78	0.78	0.78	0.856	structures/output/WWF13461/WWF13461_model.cif
WWF13462	0.84	0.84	0.84	0.915	structures/output/WWF13462/WWF13462_model.cif
WWF13463	0.92	0.89	0.89	0.893	structures/output/WWF13463/WWF13463_model.cif
WWF13464	0.91	0.88	0.88	0.917	structures/output/WWF13464/WWF13464_model.cif
WWF13465	0.8	0.81	0.81	0.879	structures/output/WWF13465/WWF13465_model.cif
WWF13466	0.77	0.76	0.76	0.859	structures/output/WWF13466/WWF13466_model.cif
WWF13470	0.88	0.9	0.9	0.928	structures/output/WWF13470/WWF13470_model.cif
WWF13471	0.9	0.85	0.85	0.851	structures/output/WWF13471/WWF13471_model.cif
WWF13472	0.76	0.71	0.71	0.805	structures/output/WWF13472/WWF13472_model.cif
WWF13473	0.82	0.81	0.81	0.869	structures/output/WWF13473/WWF13473_model.cif
WWF13478	0.82	0.79	0.79	0.883	structures/output/WWF13478/WWF13478_model.cif
WWF13483	0.83	0.85	0.85	0.885	structures/output/WWF13483/WWF13483_model.cif
WWF13484	0.78	0.8	0.8	0.851	structures/output/WWF13484/WWF13484_model.cif
WWF13485	0.81	0.85	0.85	0.887	structures/output/WWF13485/WWF13485_model.cif
WWF13489	0.88	0.88	0.88	0.919	structures/output/WWF13489/WWF13489_model.cif
WWF13491	0.78	0.8	0.8	0.882	structures/output/WWF13491/WWF13491_model.cif
WWF13495	0.84	0.85	0.85	0.902	structures/output/WWF13495/WWF13495_model.cif
WWF13500	0.83	0.82	0.82	0.856	structures/output/WWF13500/WWF13500_model.cif
WWF13501	0.77	0.78	0.78	0.87	structures/output/WWF13501/WWF13501_model.cif
WWF13505	0.84	0.89	0.89	0.919	structures/output/WWF13505/WWF13505_model.cif
WWF13506	0.86	0.87	0.87	0.912	structures/output/WWF13506/WWF13506_model.cif
WWF13507	0.71	0.71	0.71	0.832	structures/output/WWF13507/WWF13507_model.cif
WWF13510	0.85	0.62	0.62	0.66	structures/output/WWF13510/WWF13510_model.cif
WWF13511	0.83	0.82	0.82	0.9	structures/output/WWF13511/WWF13511_model.cif
WWF13512	0.89	0.91	0.91	0.945	structures/output/WWF13512/WWF13512_model.cif
WWF13514	0.75	0.73	0.73	0.763	structures/output/WWF13514/WWF13514_model.cif
WWF13519	0.83	0.83	0.83	0.904	structures/output/WWF13519/WWF13519_model.cif
WWF13529	0.86	0.83	0.83	0.885	structures/output/WWF13529/WWF13529_model.cif
WWF13530	0.81	0.83	0.83	0.856	structures/output/WWF13530/WWF13530_model.cif
WWF13532	0.81	0.82	0.82	0.87	structures/output/WWF13532/WWF13532_model.cif
WWF13535	0.83	0.83	0.83	0.891	structures/output/WWF13535/WWF13535_model.cif
WWF13536	0.76	0.58	0.58	0.735	structures/output/WWF13536/WWF13536_model.cif
WWF13542	0.82	0.86	0.86	0.895	structures/output/WWF13542/WWF13542_model.cif
WWF13546	0.8	0.81	0.81	0.875	structures/output/WWF13546/WWF13546_model.cif
WWF13554	0.78	0.78	0.78	0.86	structures/output/WWF13554/WWF13554_model.cif
WWF13559	0.83	0.83	0.83	0.884	structures/output/WWF13559/WWF13559_model.cif
WWF13566	0.83	0.84	0.84	0.892	structures/output/WWF13566/WWF13566_model.cif
WWF13568	0.77	0.8	0.8	0.896	structures/output/WWF13568/WWF13568_model.cif
WWF13571	0.81	0.75	0.75	0.833	structures/output/WWF13571/WWF13571_model.cif
WWF13578	0.8	0.82	0.82	0.899	structures/output/WWF13578/WWF13578_model.cif
WWF13584	0.85	0.84	0.84	0.87	structures/output/WWF13584/WWF13584_model.cif
WWF13585	0.83	0.79	0.79	0.842	structures/output/WWF13585/WWF13585_model.cif
WWF13587	0.78	0.74	0.74	0.831	structures/output/WWF13587/WWF13587_model.cif
WWF13591	0.81	0.75	0.75	0.834	structures/output/WWF13591/WWF13591_model.cif
WWF13592	0.8	0.77	0.77	0.844	structures/output/WWF13592/WWF13592_model.cif
WWF13595	0.82	0.85	0.85	0.908	structures/output/WWF13595/WWF13595_model.cif
WWF13600	0.77	0.8	0.8	0.889	structures/output/WWF13600/WWF13600_model.cif
WWF13603	0.85	0.85	0.85	0.914	structures/output/WWF13603/WWF13603_model.cif
WWF13604	0.81	0.84	0.84	0.859	structures/output/WWF13604/WWF13604_model.cif
WWF13605	0.84	0.82	0.82	0.873	structures/output/WWF13605/WWF13605_model.cif
WWF13606	0.86	0.83	0.83	0.903	structures/output/WWF13606/WWF13606_model.cif
WWF13607	0.8	0.82	0.82	0.877	structures/output/WWF13607/WWF13607_model.cif
WWF13608	0.87	0.86	0.86	0.913	structures/output/WWF13608/WWF13608_model.cif
WWF13611	0.83	0.87	0.87	0.885	structures/output/WWF13611/WWF13611_model.cif
WWF13612	0.8	0.77	0.77	0.854	structures/output/WWF13612/WWF13612_model.cif
WWF13613	0.82	0.85	0.85	0.898	structures/output/WWF13613/WWF13613_model.cif
WWF13614	0.83	0.85	0.85	0.905	structures/output/WWF13614/WWF13614_model.cif
WWF13629	0.84	0.83	0.83	0.909	structures/output/WWF13629/WWF13629_model.cif
WWF13633	0.83	0.84	0.84	0.903	structures/output/WWF13633/WWF13633_model.cif
WWF13635	0.86	0.88	0.88	0.927	structures/output/WWF13635/WWF13635_model.cif
WWF13636	0.87	0.86	0.86	0.919	structures/output/WWF13636/WWF13636_model.cif
WWF13639	0.85	0.83	0.83	0.866	structures/output/WWF13639/WWF13639_model.cif
WWF13641	0.75	0.69	0.69	0.744	structures/output/WWF13641/WWF13641_model.cif
WWF13642	0.82	0.82	0.82	0.902	structures/output/WWF13642/WWF13642_model.cif
WWF13655	0.78	0.47	0.47	0.592	structures/output/WWF13655/WWF13655_model.cif
WWF13660	0.87	0.84	0.84	0.9	structures/output/WWF13660/WWF13660_model.cif
WWF13661	0.75	0.46	0.46	0.502	structures/output/WWF13661/WWF13661_model.cif
WWF13662	0.69	0.73	0.73	0.82	structures/output/WWF13662/WWF13662_model.cif
WWF13663	0.88	0.65	0.65	0.668	structures/output/WWF13663/WWF13663_model.cif
WWF13667	0.89	0.88	0.88	0.925	structures/output/WWF13667/WWF13667_model.cif
WWF13671	0.86	0.87	0.87	0.916	structures/output/WWF13671/WWF13671_model.cif
WWF13674	0.9	0.89	0.89	0.933	structures/output/WWF13674/WWF13674_model.cif
WWF13676	0.82	0.84	0.84	0.889	structures/output/WWF13676/WWF13676_model.cif
WWF13678	0.81	0.8	0.8	0.889	structures/output/WWF13678/WWF13678_model.cif
WWF13683	0.75	0.78	0.78	0.86	structures/output/WWF13683/WWF13683_model.cif
WWF13685	0.72	0.66	0.66	0.729	structures/output/WWF13685/WWF13685_model.cif
WWF13687	0.87	0.85	0.85	0.849	structures/output/WWF13687/WWF13687_model.cif
WWF13688	0.83	0.8	0.8	0.885	structures/output/WWF13688/WWF13688_model.cif
WWF13696	0.86	0.84	0.84	0.902	structures/output/WWF13696/WWF13696_model.cif
WWF13702	0.8	0.83	0.83	0.894	structures/output/WWF13702/WWF13702_model.cif
WWF13704	0.78	0.81	0.81	0.878	structures/output/WWF13704/WWF13704_model.cif
WWF13705	0.87	0.86	0.86	0.896	structures/output/WWF13705/WWF13705_model.cif
WWF13707	0.78	0.79	0.79	0.88	structures/output/WWF13707/WWF13707_model.cif
WWF13708	0.77	0.66	0.66	0.75	structures/output/WWF13708/WWF13708_model.cif
WWF13709	0.82	0.81	0.81	0.846	structures/output/WWF13709/WWF13709_model.cif
WWF13714	0.75	0.71	0.71	0.765	structures/output/WWF13714/WWF13714_model.cif
WWF13715	0.85	0.85	0.85	0.911	structures/output/WWF13715/WWF13715_model.cif
WWF13716	0.85	0.73	0.73	0.754	structures/output/WWF13716/WWF13716_model.cif
WWF13718	0.8	0.82	0.82	0.888	structures/output/WWF13718/WWF13718_model.cif
WWF13724	0.89	0.87	0.87	0.913	structures/output/WWF13724/WWF13724_model.cif
WWF13725	0.75	0.79	0.79	0.822	structures/output/WWF13725/WWF13725_model.cif
WWF13732	0.84	0.86	0.86	0.925	structures/output/WWF13732/WWF13732_model.cif
WWF13736	0.78	0.8	0.8	0.899	structures/output/WWF13736/WWF13736_model.cif
WWF13737	0.79	0.77	0.77	0.854	structures/output/WWF13737/WWF13737_model.cif
WWF13742	0.89	0.89	0.89	0.933	structures/output/WWF13742/WWF13742_model.cif
WWF13746	0.9	0.71	0.71	0.725	structures/output/WWF13746/WWF13746_model.cif
WWF13747	0.75	0.7	0.7	0.801	structures/output/WWF13747/WWF13747_model.cif
WWF13748	0.82	0.83	0.83	0.915	structures/output/WWF13748/WWF13748_model.cif
WWF13749	0.84	0.79	0.79	0.859	structures/output/WWF13749/WWF13749_model.cif
WWF13751	0.8	0.72	0.72	0.813	structures/output/WWF13751/WWF13751_model.cif
WWF13752	0.76	0.76	0.76	0.845	structures/output/WWF13752/WWF13752_model.cif
WWF13755	0.49	0.49	0.49	0.648	structures/output/WWF13755/WWF13755_model.cif
WWF13756	0.89	0.87	0.87	0.909	structures/output/WWF13756/WWF13756_model.cif
WWF13761	0.76	0.72	0.72	0.806	structures/output/WWF13761/WWF13761_model.cif
WWF13763	0.9	0.88	0.88	0.933	structures/output/WWF13763/WWF13763_model.cif
WWF13765	0.88	0.89	0.89	0.923	structures/output/WWF13765/WWF13765_model.cif
WWF13768	0.79	0.8	0.8	0.888	structures/output/WWF13768/WWF13768_model.cif
WWF13769	0.84	0.81	0.81	0.888	structures/output/WWF13769/WWF13769_model.cif
WWF13770	0.8	0.74	0.74	0.871	structures/output/WWF13770/WWF13770_model.cif
WWF13771	0.75	0.76	0.76	0.839	structures/output/WWF13771/WWF13771_model.cif
WWF13778	0.78	0.75	0.75	0.839	structures/output/WWF13778/WWF13778_model.cif
WWF13782	0.77	0.71	0.71	0.771	structures/output/WWF13782/WWF13782_model.cif
WWF13783	0.84	0.82	0.82	0.886	structures/output/WWF13783/WWF13783_model.cif
WWF13785	0.81	0.76	0.76	0.79	structures/output/WWF13785/WWF13785_model.cif
WWF13786	0.75	0.6	0.6	0.704	structures/output/WWF13786/WWF13786_model.cif
WWF13792	0.81	0.84	0.84	0.885	structures/output/WWF13792/WWF13792_model.cif
WWF13796	0.72	0.73	0.73	0.834	structures/output/WWF13796/WWF13796_model.cif
WWF13799	0.86	0.84	0.84	0.906	structures/output/WWF13799/WWF13799_model.cif
WWF13803	0.69	0.67	0.67	0.739	structures/output/WWF13803/WWF13803_model.cif
WWF13811	0.89	0.89	0.89	0.933	structures/output/WWF13811/WWF13811_model.cif
WWF13814	0.86	0.84	0.84	0.911	structures/output/WWF13814/WWF13814_model.cif
WWF13817	0.91	0.89	0.89	0.949	structures/output/WWF13817/WWF13817_model.cif
WWF13822	0.84	0.82	0.82	0.908	structures/output/WWF13822/WWF13822_model.cif
WWF13827	0.7	0.72	0.72	0.798	structures/output/WWF13827/WWF13827_model.cif
WWF13828	0.77	0.77	0.77	0.853	structures/output/WWF13828/WWF13828_model.cif
WWF13834	0.71	0.71	0.71	0.862	structures/output/WWF13834/WWF13834_model.cif
WWF13837	0.8	0.75	0.75	0.858	structures/output/WWF13837/WWF13837_model.cif
WWF13842	0.9	0.92	0.92	0.931	structures/output/WWF13842/WWF13842_model.cif
WWF13845	0.82	0.84	0.84	0.905	structures/output/WWF13845/WWF13845_model.cif
WWF13850	0.75	0.8	0.8	0.861	structures/output/WWF13850/WWF13850_model.cif
WWF13852	0.84	0.83	0.83	0.894	structures/output/WWF13852/WWF13852_model.cif
WWF13869	0.86	0.86	0.86	0.904	structures/output/WWF13869/WWF13869_model.cif
WWF13871	0.8	0.84	0.84	0.904	structures/output/WWF13871/WWF13871_model.cif
WWF13873	0.75	0.76	0.76	0.848	structures/output/WWF13873/WWF13873_model.cif
WWF13876	0.72	0.68	0.68	0.726	structures/output/WWF13876/WWF13876_model.cif
WWF13877	0.87	0.87	0.87	0.903	structures/output/WWF13877/WWF13877_model.cif
WWF13882	0.63	0.64	0.64	0.753	structures/output/WWF13882/WWF13882_model.cif
WWF13893	0.84	0.83	0.83	0.912	structures/output/WWF13893/WWF13893_model.cif
WWF13900	0.68	0.65	0.65	0.823	structures/output/WWF13900/WWF13900_model.cif
WWF13903	0.79	0.8	0.8	0.879	structures/output/WWF13903/WWF13903_model.cif
WWF13905	0.79	0.81	0.81	0.9	structures/output/WWF13905/WWF13905_model.cif
WWF13907	0.74	0.7	0.7	0.802	structures/output/WWF13907/WWF13907_model.cif
WWF13909	0.47	0.42	0.42	0.607	structures/output/WWF13909/WWF13909_model.cif
WWF13910	0.86	0.88	0.88	0.917	structures/output/WWF13910/WWF13910_model.cif
WWF13916	0.84	0.8	0.8	0.855	structures/output/WWF13916/WWF13916_model.cif
WWF13917	0.85	0.83	0.83	0.895	structures/output/WWF13917/WWF13917_model.cif
WWF13920	0.73	0.73	0.73	0.826	structures/output/WWF13920/WWF13920_model.cif
WWF13922	0.87	0.83	0.83	0.912	structures/output/WWF13922/WWF13922_model.cif
WWF13925	0.83	0.82	0.82	0.891	structures/output/WWF13925/WWF13925_model.cif
WWF13932	0.91	0.9	0.9	0.938	structures/output/WWF13932/WWF13932_model.cif
WWF13934	0.79	0.77	0.77	0.853	structures/output/WWF13934/WWF13934_model.cif
WWF13935	0.8	0.8	0.8	0.865	structures/output/WWF13935/WWF13935_model.cif
WWF13939	0.7	0.62	0.62	0.732	structures/output/WWF13939/WWF13939_model.cif
WWF13947	0.85	0.86	0.86	0.893	structures/output/WWF13947/WWF13947_model.cif
WWF13951	0.79	0.81	0.81	0.886	structures/output/WWF13951/WWF13951_model.cif
WWF13954	0.84	0.82	0.82	0.903	structures/output/WWF13954/WWF13954_model.cif
WWF13955	0.92	0.9	0.9	0.918	structures/output/WWF13955/WWF13955_model.cif
WWF13959	0.81	0.8	0.8	0.838	structures/output/WWF13959/WWF13959_model.cif
WWF13960	0.64	0.51	0.51	0.699	structures/output/WWF13960/WWF13960_model.cif
WWF13964	0.92	0.93	0.93	0.925	structures/output/WWF13964/WWF13964_model.cif
WWF13966	0.81	0.82	0.82	0.889	structures/output/WWF13966/WWF13966_model.cif
WWF13969	0.87	0.88	0.88	0.91	structures/output/WWF13969/WWF13969_model.cif
WWF13973	0.79	0.76	0.76	0.828	structures/output/WWF13973/WWF13973_model.cif
WWF13974	0.66	0.65	0.65	0.775	structures/output/WWF13974/WWF13974_model.cif
WWF13976	0.64	0.52	0.52	0.685	structures/output/WWF13976/WWF13976_model.cif
WWF13982	0.87	0.88	0.88	0.931	structures/output/WWF13982/WWF13982_model.cif
WWF13984	0.78	0.78	0.78	0.876	structures/output/WWF13984/WWF13984_model.cif
WWF13987	0.82	0.8	0.8	0.909	structures/output/WWF13987/WWF13987_model.cif
WWF13998	0.84	0.84	0.84	0.91	structures/output/WWF13998/WWF13998_model.cif
WWF14000	0.87	0.89	0.89	0.923	structures/output/WWF14000/WWF14000_model.cif
WWF14004	0.72	0.69	0.69	0.832	structures/output/WWF14004/WWF14004_model.cif
WWF14006	0.81	0.81	0.81	0.9	structures/output/WWF14006/WWF14006_model.cif
WWF14009	0.89	0.86	0.86	0.881	structures/output/WWF14009/WWF14009_model.cif
WWF14015	0.86	0.82	0.82	0.848	structures/output/WWF14015/WWF14015_model.cif
WWF14018	0.87	0.86	0.86	0.924	structures/output/WWF14018/WWF14018_model.cif
WWF14019	0.89	0.89	0.89	0.929	structures/output/WWF14019/WWF14019_model.cif
WWF14031	0.79	0.7	0.7	0.79	structures/output/WWF14031/WWF14031_model.cif
WWF14033	0.78	0.62	0.62	0.689	structures/output/WWF14033/WWF14033_model.cif
WWF14036	0.74	0.68	0.68	0.77	structures/output/WWF14036/WWF14036_model.cif
WWF14039	0.91	0.92	0.92	0.943	structures/output/WWF14039/WWF14039_model.cif
WWF14041	0.88	0.87	0.87	0.872	structures/output/WWF14041/WWF14041_model.cif
WWF14042	0.71	0.73	0.73	0.803	structures/output/WWF14042/WWF14042_model.cif
WWF14047	0.75	0.68	0.68	0.763	structures/output/WWF14047/WWF14047_model.cif
WWF14048	0.7	0.55	0.55	0.662	structures/output/WWF14048/WWF14048_model.cif
WWF14049	0.88	0.89	0.89	0.911	structures/output/WWF14049/WWF14049_model.cif
WWF14050	0.81	0.83	0.83	0.89	structures/output/WWF14050/WWF14050_model.cif
WWF14054	0.74	0.78	0.78	0.839	structures/output/WWF14054/WWF14054_model.cif
WWF14055	0.85	0.87	0.87	0.927	structures/output/WWF14055/WWF14055_model.cif
WWF14065	0.81	0.81	0.81	0.856	structures/output/WWF14065/WWF14065_model.cif
WWF14072	0.86	0.85	0.85	0.922	structures/output/WWF14072/WWF14072_model.cif
WWF14073	0.83	0.79	0.79	0.793	structures/output/WWF14073/WWF14073_model.cif
WWF14078	0.78	0.74	0.74	0.787	structures/output/WWF14078/WWF14078_model.cif
WWF14081	0.8	0.79	0.79	0.868	structures/output/WWF14081/WWF14081_model.cif
WWF14083	0.78	0.76	0.76	0.878	structures/output/WWF14083/WWF14083_model.cif
WWF14084	0.76	0.74	0.74	0.861	structures/output/WWF14084/WWF14084_model.cif
WWF14086	0.76	0.82	0.82	0.858	structures/output/WWF14086/WWF14086_model.cif
WWF14087	0.83	0.75	0.75	0.792	structures/output/WWF14087/WWF14087_model.cif
WWF14091	0.76	0.63	0.63	0.716	structures/output/WWF14091/WWF14091_model.cif
WWF14095	0.73	0.77	0.77	0.867	structures/output/WWF14095/WWF14095_model.cif
WWF14097	0.83	0.83	0.83	0.898	structures/output/WWF14097/WWF14097_model.cif
WWF14106	0.84	0.85	0.85	0.903	structures/output/WWF14106/WWF14106_model.cif
WWF14107	0.92	0.93	0.93	0.929	structures/output/WWF14107/WWF14107_model.cif
WWF14110	0.84	0.81	0.81	0.923	structures/output/WWF14110/WWF14110_model.cif
WWF14113	0.8	0.79	0.79	0.865	structures/output/WWF14113/WWF14113_model.cif
WWF14117	0.82	0.82	0.82	0.844	structures/output/WWF14117/WWF14117_model.cif
WWF14118	0.86	0.87	0.87	0.9	structures/output/WWF14118/WWF14118_model.cif
WWF14124	0.87	0.87	0.87	0.919	structures/output/WWF14124/WWF14124_model.cif
WWF14127	0.84	0.77	0.77	0.854	structures/output/WWF14127/WWF14127_model.cif
WWF14128	0.77	0.77	0.77	0.869	structures/output/WWF14128/WWF14128_model.cif
WWF14129	0.75	0.52	0.52	0.593	structures/output/WWF14129/WWF14129_model.cif
WWF14131	0.8	0.74	0.74	0.828	structures/output/WWF14131/WWF14131_model.cif
WWF14133	0.82	0.81	0.81	0.88	structures/output/WWF14133/WWF14133_model.cif
WWF14137	0.82	0.76	0.76	0.848	structures/output/WWF14137/WWF14137_model.cif
WWF14138	0.79	0.79	0.79	0.864	structures/output/WWF14138/WWF14138_model.cif
WWF14143	0.76	0.82	0.82	0.886	structures/output/WWF14143/WWF14143_model.cif
WWF14149	0.8	0.81	0.81	0.9	structures/output/WWF14149/WWF14149_model.cif
WWF14151	0.85	0.79	0.79	0.795	structures/output/WWF14151/WWF14151_model.cif
WWF14154	0.89	0.8	0.8	0.837	structures/output/WWF14154/WWF14154_model.cif
WWF14157	0.74	0.73	0.73	0.782	structures/output/WWF14157/WWF14157_model.cif
WWF14161	0.67	0.59	0.59	0.755	structures/output/WWF14161/WWF14161_model.cif
WWF14167	0.81	0.81	0.81	0.835	structures/output/WWF14167/WWF14167_model.cif
WWF14171	0.84	0.71	0.71	0.72	structures/output/WWF14171/WWF14171_model.cif
WWF14172	0.91	0.89	0.89	0.91	structures/output/WWF14172/WWF14172_model.cif
WWF14176	0.78	0.63	0.63	0.686	structures/output/WWF14176/WWF14176_model.cif
WWF14179	0.7	0.59	0.59	0.628	structures/output/WWF14179/WWF14179_model.cif
WWF14194	0.83	0.85	0.85	0.895	structures/output/WWF14194/WWF14194_model.cif
WWF14204	0.73	0.62	0.62	0.684	structures/output/WWF14204/WWF14204_model.cif
WWF14205	0.82	0.8	0.8	0.835	structures/output/WWF14205/WWF14205_model.cif
WWF14208	0.86	0.89	0.89	0.896	structures/output/WWF14208/WWF14208_model.cif
WWF14210	0.79	0.71	0.71	0.756	structures/output/WWF14210/WWF14210_model.cif
WWF14211	0.82	0.83	0.83	0.877	structures/output/WWF14211/WWF14211_model.cif
WWF14213	0.86	0.79	0.79	0.823	structures/output/WWF14213/WWF14213_model.cif
WWF14215	0.88	0.81	0.81	0.837	structures/output/WWF14215/WWF14215_model.cif
WWF14219	0.86	0.84	0.84	0.908	structures/output/WWF14219/WWF14219_model.cif
WWF14223	0.8	0.81	0.81	0.885	structures/output/WWF14223/WWF14223_model.cif
WWF14228	0.86	0.73	0.73	0.784	structures/output/WWF14228/WWF14228_model.cif
WWF14234	0.78	0.79	0.79	0.859	structures/output/WWF14234/WWF14234_model.cif
WWF14236	0.9	0.89	0.89	0.929	structures/output/WWF14236/WWF14236_model.cif
WWF14238	0.82	0.78	0.78	0.886	structures/output/WWF14238/WWF14238_model.cif
WWF14240	0.82	0.8	0.8	0.869	structures/output/WWF14240/WWF14240_model.cif
WWF14241	0.73	0.58	0.58	0.649	structures/output/WWF14241/WWF14241_model.cif
WWF14244	0.7	0.53	0.53	0.647	structures/output/WWF14244/WWF14244_model.cif
WWF14245	0.9	0.9	0.9	0.936	structures/output/WWF14245/WWF14245_model.cif
WWF14260	0.81	0.77	0.77	0.874	structures/output/WWF14260/WWF14260_model.cif
WWF14263	0.85	0.88	0.88	0.923	structures/output/WWF14263/WWF14263_model.cif
WWF14264	0.88	0.88	0.88	0.914	structures/output/WWF14264/WWF14264_model.cif
WWF14265	0.87	0.88	0.88	0.914	structures/output/WWF14265/WWF14265_model.cif
WWF14268	0.82	0.84	0.84	0.857	structures/output/WWF14268/WWF14268_model.cif
WWF14269	0.87	0.85	0.85	0.898	structures/output/WWF14269/WWF14269_model.cif
WWF14273	0.81	0.84	0.84	0.874	structures/output/WWF14273/WWF14273_model.cif
WWF14275	0.79	0.83	0.83	0.889	structures/output/WWF14275/WWF14275_model.cif
WWF14278	0.78	0.62	0.62	0.684	structures/output/WWF14278/WWF14278_model.cif
WWF14281	0.82	0.8	0.8	0.888	structures/output/WWF14281/WWF14281_model.cif
WWF14282	0.75	0.77	0.77	0.853	structures/output/WWF14282/WWF14282_model.cif
WWF14283	0.81	0.78	0.78	0.861	structures/output/WWF14283/WWF14283_model.cif
WWF14288	0.72	0.43	0.43	0.579	structures/output/WWF14288/WWF14288_model.cif
WWF14290	0.9	0.88	0.88	0.923	structures/output/WWF14290/WWF14290_model.cif
WWF14291	0.89	0.81	0.81	0.897	structures/output/WWF14291/WWF14291_model.cif
WWF14292	0.83	0.86	0.86	0.912	structures/output/WWF14292/WWF14292_model.cif
WWF14294	0.82	0.81	0.81	0.9	structures/output/WWF14294/WWF14294_model.cif
WWF14299	0.86	0.85	0.85	0.917	structures/output/WWF14299/WWF14299_model.cif
WWF14301	0.85	0.83	0.83	0.865	structures/output/WWF14301/WWF14301_model.cif
WWF14303	0.81	0.8	0.8	0.922	structures/output/WWF14303/WWF14303_model.cif
WWF14304	0.83	0.83	0.83	0.873	structures/output/WWF14304/WWF14304_model.cif
WWF14307	0.83	0.83	0.83	0.897	structures/output/WWF14307/WWF14307_model.cif
WWF14309	0.83	0.8	0.8	0.838	structures/output/WWF14309/WWF14309_model.cif
WWF14312	0.85	0.84	0.84	0.926	structures/output/WWF14312/WWF14312_model.cif
WWF14318	0.87	0.84	0.84	0.893	structures/output/WWF14318/WWF14318_model.cif
WWF14329	0.84	0.84	0.84	0.897	structures/output/WWF14329/WWF14329_model.cif
WWF14333	0.87	0.88	0.88	0.926	structures/output/WWF14333/WWF14333_model.cif
WWF14334	0.88	0.89	0.89	0.93	structures/output/WWF14334/WWF14334_model.cif
WWF14338	0.83	0.76	0.76	0.842	structures/output/WWF14338/WWF14338_model.cif
WWF14341	0.8	0.61	0.61	0.714	structures/output/WWF14341/WWF14341_model.cif
WWF14344	0.88	0.83	0.83	0.89	structures/output/WWF14344/WWF14344_model.cif
WWF14358	0.84	0.74	0.74	0.824	structures/output/WWF14358/WWF14358_model.cif
WWF14360	0.82	0.83	0.83	0.9	structures/output/WWF14360/WWF14360_model.cif
WWF14362	0.86	0.87	0.87	0.912	structures/output/WWF14362/WWF14362_model.cif
WWF14375	0.86	0.91	0.91	0.933	structures/output/WWF14375/WWF14375_model.cif
WWF14377	0.85	0.85	0.85	0.908	structures/output/WWF14377/WWF14377_model.cif
WWF14384	0.85	0.84	0.84	0.897	structures/output/WWF14384/WWF14384_model.cif
WWF14395	0.86	0.88	0.88	0.93	structures/output/WWF14395/WWF14395_model.cif
WWF14397	0.77	0.74	0.74	0.84	structures/output/WWF14397/WWF14397_model.cif
WWF14405	0.73	0.71	0.71	0.825	structures/output/WWF14405/WWF14405_model.cif
WWF14410	0.82	0.85	0.85	0.9	structures/output/WWF14410/WWF14410_model.cif
WWF14413	0.83	0.83	0.83	0.891	structures/output/WWF14413/WWF14413_model.cif
WWF14415	0.72	0.74	0.74	0.866	structures/output/WWF14415/WWF14415_model.cif
WWF14417	0.75	0.75	0.75	0.847	structures/output/WWF14417/WWF14417_model.cif
WWF14420	0.79	0.59	0.59	0.657	structures/output/WWF14420/WWF14420_model.cif
WWF14424	0.86	0.84	0.84	0.9	structures/output/WWF14424/WWF14424_model.cif
WWF14430	0.84	0.7	0.7	0.743	structures/output/WWF14430/WWF14430_model.cif
WWF14435	0.84	0.82	0.82	0.885	structures/output/WWF14435/WWF14435_model.cif
WWF14444	0.8	0.77	0.77	0.821	structures/output/WWF14444/WWF14444_model.cif
WWF14446	0.93	0.92	0.92	0.954	structures/output/WWF14446/WWF14446_model.cif
WWF14448	0.88	0.87	0.87	0.919	structures/output/WWF14448/WWF14448_model.cif
WWF14449	0.72	0.75	0.75	0.834	structures/output/WWF14449/WWF14449_model.cif
WWF14467	0.88	0.86	0.86	0.885	structures/output/WWF14467/WWF14467_model.cif
WWF14471	0.81	0.81	0.81	0.904	structures/output/WWF14471/WWF14471_model.cif
WWF14472	0.82	0.83	0.83	0.906	structures/output/WWF14472/WWF14472_model.cif
WWF14473	0.89	0.88	0.88	0.92	structures/output/WWF14473/WWF14473_model.cif
WWF14477	0.83	0.78	0.78	0.816	structures/output/WWF14477/WWF14477_model.cif
WWF14481	0.81	0.81	0.81	0.882	structures/output/WWF14481/WWF14481_model.cif
WWF14483	0.79	0.79	0.79	0.858	structures/output/WWF14483/WWF14483_model.cif
WWF14486	0.85	0.88	0.88	0.896	structures/output/WWF14486/WWF14486_model.cif
WWF14487	0.7	0.68	0.68	0.756	structures/output/WWF14487/WWF14487_model.cif
WWF14488	0.83	0.85	0.85	0.908	structures/output/WWF14488/WWF14488_model.cif
WWF14491	0.82	0.84	0.84	0.905	structures/output/WWF14491/WWF14491_model.cif
WWF14494	0.76	0.76	0.76	0.893	structures/output/WWF14494/WWF14494_model.cif
WWF14503	0.8	0.85	0.85	0.876	structures/output/WWF14503/WWF14503_model.cif
WWF14505	0.7	0.6	0.6	0.681	structures/output/WWF14505/WWF14505_model.cif
WWF14508	0.8	0.78	0.78	0.853	structures/output/WWF14508/WWF14508_model.cif
WWF14514	0.82	0.82	0.82	0.89	structures/output/WWF14514/WWF14514_model.cif
WWF14515	0.84	0.85	0.85	0.925	structures/output/WWF14515/WWF14515_model.cif
WWF14518	0.75	0.78	0.78	0.865	structures/output/WWF14518/WWF14518_model.cif
WWF14519	0.82	0.81	0.81	0.87	structures/output/WWF14519/WWF14519_model.cif
WWF14520	0.9	0.89	0.89	0.936	structures/output/WWF14520/WWF14520_model.cif
WWF14524	0.83	0.83	0.83	0.905	structures/output/WWF14524/WWF14524_model.cif
WWF14534	0.84	0.69	0.69	0.741	structures/output/WWF14534/WWF14534_model.cif
WWF14536	0.89	0.9	0.9	0.94	structures/output/WWF14536/WWF14536_model.cif
WWF14537	0.76	0.76	0.76	0.854	structures/output/WWF14537/WWF14537_model.cif
WWF14542	0.77	0.74	0.74	0.788	structures/output/WWF14542/WWF14542_model.cif
WWF14544	0.83	0.84	0.84	0.861	structures/output/WWF14544/WWF14544_model.cif
WWF14545	0.83	0.81	0.81	0.882	structures/output/WWF14545/WWF14545_model.cif
WWF14549	0.83	0.83	0.83	0.909	structures/output/WWF14549/WWF14549_model.cif
WWF14555	0.76	0.77	0.77	0.878	structures/output/WWF14555/WWF14555_model.cif
WWF14556	0.86	0.83	0.83	0.881	structures/output/WWF14556/WWF14556_model.cif
WWF14560	0.84	0.65	0.65	0.719	structures/output/WWF14560/WWF14560_model.cif
WWF14561	0.79	0.8	0.8	0.874	structures/output/WWF14561/WWF14561_model.cif
WWF14562	0.91	0.91	0.91	0.938	structures/output/WWF14562/WWF14562_model.cif
WWF14569	0.8	0.75	0.75	0.879	structures/output/WWF14569/WWF14569_model.cif
WWF14577	0.79	0.73	0.73	0.815	structures/output/WWF14577/WWF14577_model.cif
WWF14583	0.88	0.85	0.85	0.904	structures/output/WWF14583/WWF14583_model.cif
WWF14587	0.76	0.6	0.6	0.726	structures/output/WWF14587/WWF14587_model.cif
WWF14588	0.88	0.89	0.89	0.933	structures/output/WWF14588/WWF14588_model.cif
WWF14591	0.82	0.87	0.87	0.928	structures/output/WWF14591/WWF14591_model.cif
WWF14596	0.88	0.9	0.9	0.899	structures/output/WWF14596/WWF14596_model.cif
WWF14598	0.84	0.84	0.84	0.905	structures/output/WWF14598/WWF14598_model.cif
WWF14599	0.88	0.89	0.89	0.929	structures/output/WWF14599/WWF14599_model.cif
WWF14602	0.86	0.88	0.88	0.911	structures/output/WWF14602/WWF14602_model.cif
WWF14603	0.87	0.88	0.88	0.931	structures/output/WWF14603/WWF14603_model.cif
WWF14605	0.77	0.8	0.8	0.815	structures/output/WWF14605/WWF14605_model.cif
WWF14612	0.88	0.86	0.86	0.918	structures/output/WWF14612/WWF14612_model.cif
WWF14618	0.76	0.64	0.64	0.703	structures/output/WWF14618/WWF14618_model.cif
WWF14624	0.83	0.82	0.82	0.893	structures/output/WWF14624/WWF14624_model.cif
WWF14629	0.84	0.88	0.88	0.903	structures/output/WWF14629/WWF14629_model.cif
WWF14630	0.85	0.58	0.58	0.612	structures/output/WWF14630/WWF14630_model.cif
WWF14633	0.8	0.77	0.77	0.869	structures/output/WWF14633/WWF14633_model.cif
WWF14634	0.85	0.84	0.84	0.911	structures/output/WWF14634/WWF14634_model.cif
WWF14635	0.8	0.78	0.78	0.876	structures/output/WWF14635/WWF14635_model.cif
WWF14637	0.68	0.41	0.41	0.727	structures/output/WWF14637/WWF14637_model.cif
WWF14648	0.8	0.57	0.57	0.645	structures/output/WWF14648/WWF14648_model.cif
WWF14650	0.8	0.73	0.73	0.814	structures/output/WWF14650/WWF14650_model.cif
WWF14672	0.86	0.85	0.85	0.864	structures/output/WWF14672/WWF14672_model.cif
WWF14677	0.69	0.67	0.67	0.771	structures/output/WWF14677/WWF14677_model.cif
WWF14680	0.85	0.71	0.71	0.751	structures/output/WWF14680/WWF14680_model.cif
WWF14683	0.87	0.87	0.87	0.915	structures/output/WWF14683/WWF14683_model.cif
WWF14688	0.83	0.84	0.84	0.916	structures/output/WWF14688/WWF14688_model.cif
WWF14693	0.84	0.86	0.86	0.863	structures/output/WWF14693/WWF14693_model.cif
WWF14695	0.73	0.72	0.72	0.808	structures/output/WWF14695/WWF14695_model.cif
WWF14696	0.8	0.58	0.58	0.657	structures/output/WWF14696/WWF14696_model.cif
WWF14699	0.87	0.89	0.89	0.912	structures/output/WWF14699/WWF14699_model.cif
WWF14701	0.85	0.87	0.87	0.915	structures/output/WWF14701/WWF14701_model.cif
WWF14703	0.84	0.81	0.81	0.884	structures/output/WWF14703/WWF14703_model.cif
WWF14704	0.9	0.93	0.93	0.94	structures/output/WWF14704/WWF14704_model.cif
WWF14707	0.84	0.81	0.81	0.881	structures/output/WWF14707/WWF14707_model.cif
WWF14711	0.79	0.8	0.8	0.874	structures/output/WWF14711/WWF14711_model.cif
WWF14713	0.85	0.88	0.88	0.926	structures/output/WWF14713/WWF14713_model.cif
WWF14716	0.78	0.71	0.71	0.836	structures/output/WWF14716/WWF14716_model.cif
WWF14721	0.86	0.88	0.88	0.917	structures/output/WWF14721/WWF14721_model.cif
WWF14723	0.89	0.93	0.93	0.934	structures/output/WWF14723/WWF14723_model.cif
WWF14726	0.76	0.77	0.77	0.859	structures/output/WWF14726/WWF14726_model.cif
WWF14727	0.84	0.85	0.85	0.902	structures/output/WWF14727/WWF14727_model.cif
WWF14728	0.92	0.92	0.92	0.941	structures/output/WWF14728/WWF14728_model.cif
WWF14747	0.8	0.73	0.73	0.813	structures/output/WWF14747/WWF14747_model.cif
WWF14749	0.87	0.85	0.85	0.879	structures/output/WWF14749/WWF14749_model.cif
WWF14750	0.77	0.69	0.69	0.688	structures/output/WWF14750/WWF14750_model.cif
WWF14753	0.89	0.9	0.9	0.929	structures/output/WWF14753/WWF14753_model.cif
WWF14755	0.94	0.94	0.94	0.935	structures/output/WWF14755/WWF14755_model.cif
WWF14757	0.73	0.58	0.58	0.656	structures/output/WWF14757/WWF14757_model.cif
WWF14777	0.81	0.74	0.74	0.784	structures/output/WWF14777/WWF14777_model.cif
WWF14778	0.85	0.82	0.82	0.901	structures/output/WWF14778/WWF14778_model.cif
WWF14779	0.86	0.86	0.86	0.895	structures/output/WWF14779/WWF14779_model.cif
WWF14782	0.84	0.87	0.87	0.912	structures/output/WWF14782/WWF14782_model.cif
WWF14786	0.75	0.67	0.67	0.786	structures/output/WWF14786/WWF14786_model.cif
WWF14787	0.84	0.66	0.66	0.68	structures/output/WWF14787/WWF14787_model.cif
WWF14788	0.79	0.77	0.77	0.863	structures/output/WWF14788/WWF14788_model.cif
WWF14793	0.82	0.81	0.81	0.882	structures/output/WWF14793/WWF14793_model.cif
WWF14794	0.81	0.84	0.84	0.888	structures/output/WWF14794/WWF14794_model.cif
WWF14800	0.82	0.79	0.79	0.87	structures/output/WWF14800/WWF14800_model.cif
WWF14804	0.73	0.7	0.7	0.783	structures/output/WWF14804/WWF14804_model.cif
WWF14814	0.79	0.75	0.75	0.807	structures/output/WWF14814/WWF14814_model.cif
WWF14818	0.91	0.9	0.9	0.935	structures/output/WWF14818/WWF14818_model.cif
WWF14821	0.92	0.92	0.92	0.941	structures/output/WWF14821/WWF14821_model.cif
WWF14844	0.79	0.76	0.76	0.817	structures/output/WWF14844/WWF14844_model.cif
WWF14922	0.82	0.77	0.77	0.786	structures/output/WWF14922/WWF14922_model.cif
WWF14925	0.84	0.84	0.84	0.891	structures/output/WWF14925/WWF14925_model.cif
WWF14926	0.89	0.88	0.88	0.912	structures/output/WWF14926/WWF14926_model.cif
WWF14937	0.84	0.53	0.53	0.575	structures/output/WWF14937/WWF14937_model.cif
WWF14938	0.82	0.84	0.84	0.901	structures/output/WWF14938/WWF14938_model.cif
WWF14939	0.63	0.41	0.41	0.733	structures/output/WWF14939/WWF14939_model.cif
WWF14940	0.84	0.88	0.88	0.918	structures/output/WWF14940/WWF14940_model.cif
WWF14957	0.87	0.9	0.9	0.923	structures/output/WWF14957/WWF14957_model.cif
WWF14959	0.86	0.86	0.86	0.902	structures/output/WWF14959/WWF14959_model.cif
WWF14961	0.86	0.85	0.85	0.899	structures/output/WWF14961/WWF14961_model.cif
WWF14962	0.82	0.82	0.82	0.857	structures/output/WWF14962/WWF14962_model.cif
WWF14963	0.81	0.86	0.86	0.869	structures/output/WWF14963/WWF14963_model.cif
WWF14968	0.84	0.83	0.83	0.9	structures/output/WWF14968/WWF14968_model.cif
WWF14969	0.93	0.91	0.91	0.933	structures/output/WWF14969/WWF14969_model.cif
WWF14970	0.74	0.63	0.63	0.768	structures/output/WWF14970/WWF14970_model.cif
WWF14971	0.88	0.89	0.89	0.93	structures/output/WWF14971/WWF14971_model.cif
WWF14973	0.77	0.7	0.7	0.753	structures/output/WWF14973/WWF14973_model.cif
WWF14977	0.89	0.88	0.88	0.906	structures/output/WWF14977/WWF14977_model.cif
WWF14980	0.83	0.83	0.83	0.886	structures/output/WWF14980/WWF14980_model.cif
WWF14982	0.91	0.91	0.91	0.933	structures/output/WWF14982/WWF14982_model.cif
WWF14991	0.8	0.79	0.79	0.886	structures/output/WWF14991/WWF14991_model.cif
WWF15000	0.76	0.75	0.75	0.811	structures/output/WWF15000/WWF15000_model.cif
WWF15001	0.92	0.91	0.91	0.948	structures/output/WWF15001/WWF15001_model.cif
WWF15007	0.89	0.86	0.86	0.909	structures/output/WWF15007/WWF15007_model.cif
WWF15008	0.87	0.91	0.91	0.936	structures/output/WWF15008/WWF15008_model.cif
WWF15012	0.85	0.88	0.88	0.929	structures/output/WWF15012/WWF15012_model.cif
WWF15055	0.87	0.85	0.85	0.913	structures/output/WWF15055/WWF15055_model.cif
WWF15057	0.76	0.74	0.74	0.806	structures/output/WWF15057/WWF15057_model.cif
WWF15071	0.8	0.81	0.81	0.895	structures/output/WWF15071/WWF15071_model.cif
WWF15078	0.83	0.81	0.81	0.872	structures/output/WWF15078/WWF15078_model.cif
WWF15107	0.82	0.82	0.82	0.882	structures/output/WWF15107/WWF15107_model.cif
WWF15108	0.88	0.88	0.88	0.904	structures/output/WWF15108/WWF15108_model.cif
WWF15152	0.87	0.86	0.86	0.925	structures/output/WWF15152/WWF15152_model.cif
WWF15155	0.82	0.71	0.71	0.802	structures/output/WWF15155/WWF15155_model.cif
WWF15157	0.86	0.87	0.87	0.925	structures/output/WWF15157/WWF15157_model.cif
WWF15158	0.89	0.87	0.87	0.907	structures/output/WWF15158/WWF15158_model.cif
WWF15161	0.89	0.88	0.88	0.919	structures/output/WWF15161/WWF15161_model.cif
WWF15162	0.83	0.82	0.82	0.885	structures/output/WWF15162/WWF15162_model.cif
WWF15170	0.89	0.88	0.88	0.922	structures/output/WWF15170/WWF15170_model.cif
WWF15171	0.83	0.87	0.87	0.907	structures/output/WWF15171/WWF15171_model.cif
WWF15184	0.87	0.88	0.88	0.899	structures/output/WWF15184/WWF15184_model.cif
WWF15185	0.91	0.93	0.93	0.933	structures/output/WWF15185/WWF15185_model.cif
WWF15192	0.79	0.76	0.76	0.89	structures/output/WWF15192/WWF15192_model.cif
WWF15194	0.88	0.86	0.86	0.944	structures/output/WWF15194/WWF15194_model.cif
WWF15201	0.81	0.84	0.84	0.897	structures/output/WWF15201/WWF15201_model.cif
WWF15206	0.74	0.72	0.72	0.797	structures/output/WWF15206/WWF15206_model.cif
WWF15213	0.89	0.88	0.88	0.914	structures/output/WWF15213/WWF15213_model.cif
WWF15214	0.82	0.83	0.83	0.892	structures/output/WWF15214/WWF15214_model.cif
WWF15224	0.87	0.89	0.89	0.924	structures/output/WWF15224/WWF15224_model.cif
WWF15234	0.88	0.91	0.91	0.906	structures/output/WWF15234/WWF15234_model.cif
WWF15238	0.82	0.81	0.81	0.89	structures/output/WWF15238/WWF15238_model.cif
WWF15242	0.85	0.86	0.86	0.92	structures/output/WWF15242/WWF15242_model.cif
WWF15243	0.81	0.78	0.78	0.876	structures/output/WWF15243/WWF15243_model.cif
WWF15247	0.89	0.91	0.91	0.944	structures/output/WWF15247/WWF15247_model.cif
WWF15248	0.82	0.8	0.8	0.875	structures/output/WWF15248/WWF15248_model.cif
WWF15249	0.84	0.84	0.84	0.907	structures/output/WWF15249/WWF15249_model.cif
WWF15256	0.85	0.85	0.85	0.9	structures/output/WWF15256/WWF15256_model.cif
WWF15281	0.84	0.85	0.85	0.887	structures/output/WWF15281/WWF15281_model.cif
WWF15297	0.86	0.85	0.85	0.913	structures/output/WWF15297/WWF15297_model.cif
WWF15300	0.89	0.89	0.89	0.907	structures/output/WWF15300/WWF15300_model.cif
WWF15303	0.78	0.71	0.71	0.767	structures/output/WWF15303/WWF15303_model.cif
WWF15304	0.81	0.82	0.82	0.902	structures/output/WWF15304/WWF15304_model.cif
WWF15311	0.91	0.9	0.9	0.915	structures/output/WWF15311/WWF15311_model.cif
WWF15318	0.79	0.72	0.72	0.804	structures/output/WWF15318/WWF15318_model.cif
WWF15319	0.91	0.93	0.93	0.931	structures/output/WWF15319/WWF15319_model.cif
WWF15336	0.87	0.86	0.86	0.884	structures/output/WWF15336/WWF15336_model.cif
WWF15346	0.86	0.89	0.89	0.914	structures/output/WWF15346/WWF15346_model.cif
WWF15347	0.82	0.68	0.68	0.718	structures/output/WWF15347/WWF15347_model.cif
WWF15351	0.84	0.83	0.83	0.891	structures/output/WWF15351/WWF15351_model.cif
WWF15352	0.92	0.93	0.93	0.934	structures/output/WWF15352/WWF15352_model.cif
WWF15356	0.66	0.57	0.57	0.762	structures/output/WWF15356/WWF15356_model.cif
WWF15364	0.81	0.74	0.74	0.761	structures/output/WWF15364/WWF15364_model.cif
WWF15414	0.92	0.87	0.87	0.869	structures/output/WWF15414/WWF15414_model.cif
WWF15419	0.79	0.81	0.81	0.907	structures/output/WWF15419/WWF15419_model.cif
WWF15423	0.78	0.71	0.71	0.762	structures/output/WWF15423/WWF15423_model.cif
WWF15428	0.75	0.75	0.75	0.795	structures/output/WWF15428/WWF15428_model.cif
WWF15439	0.83	0.83	0.83	0.896	structures/output/WWF15439/WWF15439_model.cif
WWF15464	0.84	0.79	0.79	0.867	structures/output/WWF15464/WWF15464_model.cif
WWF15471	0.83	0.82	0.82	0.893	structures/output/WWF15471/WWF15471_model.cif
WWF15472	0.91	0.83	0.83	0.833	structures/output/WWF15472/WWF15472_model.cif
WWF15476	0.87	0.89	0.89	0.916	structures/output/WWF15476/WWF15476_model.cif
WWF15496	0.73	0.73	0.73	0.847	structures/output/WWF15496/WWF15496_model.cif
WWF15506	0.83	0.79	0.79	0.832	structures/output/WWF15506/WWF15506_model.cif
WWF15509	0.76	0.62	0.62	0.686	structures/output/WWF15509/WWF15509_model.cif
WWF15513	0.81	0.8	0.8	0.855	structures/output/WWF15513/WWF15513_model.cif
WWF15516	0.74	0.77	0.77	0.849	structures/output/WWF15516/WWF15516_model.cif
WWF15517	0.87	0.75	0.75	0.782	structures/output/WWF15517/WWF15517_model.cif
WWF15521	0.94	0.9	0.9	0.902	structures/output/WWF15521/WWF15521_model.cif
WWF15525	0.84	0.92	0.92	0.916	structures/output/WWF15525/WWF15525_model.cif
WWF15527	0.72	0.67	0.67	0.83	structures/output/WWF15527/WWF15527_model.cif
WWF15532	0.84	0.78	0.78	0.797	structures/output/WWF15532/WWF15532_model.cif
WWF15534	0.96	0.96	0.96	0.956	structures/output/WWF15534/WWF15534_model.cif
WWF15536	0.76	0.69	0.69	0.785	structures/output/WWF15536/WWF15536_model.cif
WWF15537	0.81	0.79	0.79	0.852	structures/output/WWF15537/WWF15537_model.cif
WWF15539	0.84	0.86	0.86	0.91	structures/output/WWF15539/WWF15539_model.cif
WWF15542	0.85	0.84	0.84	0.904	structures/output/WWF15542/WWF15542_model.cif
WWF15549	0.91	0.92	0.92	0.941	structures/output/WWF15549/WWF15549_model.cif
WWF15551	0.89	0.88	0.88	0.894	structures/output/WWF15551/WWF15551_model.cif
WWF15670	0.85	0.86	0.86	0.913	structures/output/WWF15670/WWF15670_model.cif
WWF15672	0.83	0.7	0.7	0.764	structures/output/WWF15672/WWF15672_model.cif
WWF15673	0.79	0.78	0.78	0.867	structures/output/WWF15673/WWF15673_model.cif
WWF15674	0.85	0.66	0.66	0.701	structures/output/WWF15674/WWF15674_model.cif
WWF15676	0.79	0.77	0.77	0.823	structures/output/WWF15676/WWF15676_model.cif
WWF15679	0.72	0.72	0.72	0.777	structures/output/WWF15679/WWF15679_model.cif
WWF15788	0.86	0.89	0.89	0.926	structures/output/WWF15788/WWF15788_model.cif
WWF15790	0.85	0.85	0.85	0.906	structures/output/WWF15790/WWF15790_model.cif
WWF15791	0.81	0.54	0.54	0.611	structures/output/WWF15791/WWF15791_model.cif
WWF15833	0.78	0.66	0.66	0.761	structures/output/WWF15833/WWF15833_model.cif
WWF15917	0.94	0.93	0.93	0.954	structures/output/WWF15917/WWF15917_model.cif
WWF15921	0.8	0.84	0.84	0.855	structures/output/WWF15921/WWF15921_model.cif
WWF15924	0.87	0.88	0.88	0.883	structures/output/WWF15924/WWF15924_model.cif
WWF15944	0.85	0.81	0.81	0.894	structures/output/WWF15944/WWF15944_model.cif
WWF15951	0.89	0.86	0.86	0.9	structures/output/WWF15951/WWF15951_model.cif
WWF15963	0.89	0.89	0.89	0.937	structures/output/WWF15963/WWF15963_model.cif
WWF15966	0.74	0.65	0.65	0.752	structures/output/WWF15966/WWF15966_model.cif
WWF15967	0.85	0.8	0.8	0.876	structures/output/WWF15967/WWF15967_model.cif
WWF15969	0.7	0.68	0.68	0.803	structures/output/WWF15969/WWF15969_model.cif
WWF16002	0.86	0.84	0.84	0.907	structures/output/WWF16002/WWF16002_model.cif
WWF16003	0.79	0.76	0.76	0.835	structures/output/WWF16003/WWF16003_model.cif
WWF16004	0.86	0.85	0.85	0.896	structures/output/WWF16004/WWF16004_model.cif
WWF16006	0.84	0.84	0.84	0.903	structures/output/WWF16006/WWF16006_model.cif
WWF16009	0.84	0.81	0.81	0.813	structures/output/WWF16009/WWF16009_model.cif
WWF16015	0.77	0.54	0.54	0.618	structures/output/WWF16015/WWF16015_model.cif
WWF16022	0.71	0.67	0.67	0.782	structures/output/WWF16022/WWF16022_model.cif
WWF16034	0.9	0.89	0.89	0.9	structures/output/WWF16034/WWF16034_model.cif
WWF16036	0.81	0.61	0.61	0.67	structures/output/WWF16036/WWF16036_model.cif
WWF16037	0.7	0.55	0.55	0.641	structures/output/WWF16037/WWF16037_model.cif
WWF16042	0.82	0.8	0.8	0.829	structures/output/WWF16042/WWF16042_model.cif
WWF16046	0.9	0.94	0.94	0.947	structures/output/WWF16046/WWF16046_model.cif
WWF16055	0.81	0.82	0.82	0.859	structures/output/WWF16055/WWF16055_model.cif
WWF16060	0.94	0.94	0.94	0.963	structures/output/WWF16060/WWF16060_model.cif
WWF16072	0.87	0.87	0.87	0.927	structures/output/WWF16072/WWF16072_model.cif
WWF16076	0.84	0.87	0.87	0.91	structures/output/WWF16076/WWF16076_model.cif
WWF16082	0.84	0.83	0.83	0.898	structures/output/WWF16082/WWF16082_model.cif
WWF16104	0.71	0.51	0.51	0.576	structures/output/WWF16104/WWF16104_model.cif
WWF16118	0.84	0.82	0.82	0.89	structures/output/WWF16118/WWF16118_model.cif
WWF16123	0.84	0.75	0.75	0.874	structures/output/WWF16123/WWF16123_model.cif
WWF16124	0.86	0.87	0.87	0.924	structures/output/WWF16124/WWF16124_model.cif
WWF16145	0.84	0.88	0.88	0.914	structures/output/WWF16145/WWF16145_model.cif
WWF16160	0.91	0.9	0.9	0.939	structures/output/WWF16160/WWF16160_model.cif
WWF16180	0.75	0.75	0.75	0.828	structures/output/WWF16180/WWF16180_model.cif
WWF16186	0.88	0.83	0.83	0.895	structures/output/WWF16186/WWF16186_model.cif
WWF16193	0.92	0.92	0.92	0.955	structures/output/WWF16193/WWF16193_model.cif
WWF16219	0.72	0.48	0.48	0.531	structures/output/WWF16219/WWF16219_model.cif
WWF16221	0.91	0.91	0.91	0.939	structures/output/WWF16221/WWF16221_model.cif
WWF16252	0.74	0.74	0.74	0.812	structures/output/WWF16252/WWF16252_model.cif
WWF16254	0.83	0.85	0.85	0.914	structures/output/WWF16254/WWF16254_model.cif
WWF16255	0.75	0.53	0.53	0.593	structures/output/WWF16255/WWF16255_model.cif
WWF16259	0.83	0.81	0.81	0.892	structures/output/WWF16259/WWF16259_model.cif
WWF16260	0.91	0.89	0.89	0.902	structures/output/WWF16260/WWF16260_model.cif
WWF16263	0.78	0.49	0.49	0.509	structures/output/WWF16263/WWF16263_model.cif
WWF16265	0.89	0.88	0.88	0.923	structures/output/WWF16265/WWF16265_model.cif
WWF16267	0.83	0.78	0.78	0.835	structures/output/WWF16267/WWF16267_model.cif
WWF16268	0.68	0.4	0.4	0.71	structures/output/WWF16268/WWF16268_model.cif
WWF16311	0.85	0.87	0.87	0.882	structures/output/WWF16311/WWF16311_model.cif
WWF16328	0.79	0.6	0.6	0.683	structures/output/WWF16328/WWF16328_model.cif
WWF16329	0.86	0.85	0.85	0.893	structures/output/WWF16329/WWF16329_model.cif
WWF16332	0.89	0.86	0.86	0.901	structures/output/WWF16332/WWF16332_model.cif
WWF16333	0.78	0.55	0.55	0.651	structures/output/WWF16333/WWF16333_model.cif
WWF16335	0.78	0.79	0.79	0.862	structures/output/WWF16335/WWF16335_model.cif
WWF16338	0.89	0.93	0.93	0.952	structures/output/WWF16338/WWF16338_model.cif
WWF16368	0.77	0.55	0.55	0.623	structures/output/WWF16368/WWF16368_model.cif
WWF16384	0.82	0.83	0.83	0.874	structures/output/WWF16384/WWF16384_model.cif
WWF16385	0.83	0.85	0.85	0.907	structures/output/WWF16385/WWF16385_model.cif
WWF16400	0.78	0.68	0.68	0.745	structures/output/WWF16400/WWF16400_model.cif
WWF16401	0.83	0.81	0.81	0.891	structures/output/WWF16401/WWF16401_model.cif
WWF16429	0.84	0.81	0.81	0.862	structures/output/WWF16429/WWF16429_model.cif
WWF16437	0.85	0.8	0.8	0.798	structures/output/WWF16437/WWF16437_model.cif
WWF16442	0.82	0.84	0.84	0.909	structures/output/WWF16442/WWF16442_model.cif
WWF16444	0.86	0.83	0.83	0.89	structures/output/WWF16444/WWF16444_model.cif
WWF16447	0.77	0.57	0.57	0.622	structures/output/WWF16447/WWF16447_model.cif
WWF16448	0.67	0.63	0.63	0.684	structures/output/WWF16448/WWF16448_model.cif
WWF16455	0.88	0.86	0.86	0.909	structures/output/WWF16455/WWF16455_model.cif
WWF16458	0.82	0.83	0.83	0.894	structures/output/WWF16458/WWF16458_model.cif
WWF16462	0.85	0.85	0.85	0.917	structures/output/WWF16462/WWF16462_model.cif
WWF16463	0.83	0.77	0.77	0.808	structures/output/WWF16463/WWF16463_model.cif
